관광지명,관광지분류,주소,관광지설명,경도,위도
금호제주리조트 아쿠아나,레저/테마,제주특별자치도 서귀포시 남원읍 남원리 2390,바다와 한라산 전망을 동시에 누리는 Seaside Resort / 11000원(온천탕성인)+9000원(온천탕어린이)+22000원(아쿠아나주중성인)+20000원(아쿠아나주중어린이)+26000원(아쿠아나주말성인)+21000원(아쿠아나주말어린이)+30000원(아쿠아나성수기성인)+26000원(아쿠아나성수기어린이),126.7014326,33.27264281
큰엉해안경승지,관광지,제주특별자치도 서귀포시 남원읍 남원리 2379-3,때묻지 않은 기암절벽이 아름다운 해양경승지 / 무료,126.7037085,33.27334251
코코몽 에코파크,레저/테마,제주특별자치도 서귀포시 남원읍 남원리 2380 ,아이들의 오감을 자극하는 친환경 프리미엄 테마파크 / 25000원(24개월이상13세까지아동)+15000원(중학생이상성인+장애아동)+무료(24개월미만유아)+9500원(장애성인)+3000원(코코몽기차1회탑승권+카레이싱1회이용권)+6000원(자유이용권),126.7058511,33.27455804
마흐니 숲길,관광지,제주특별자치도 서귀포시 남원읍 수망리 산203,사색을 즐기며 걷기 좋은 숲길 / 무료,126.6551931,33.37944666
물영아리오름,관광지,제주특별자치도 서귀포시 남원읍 수망리 산 189,신령스러운 산이라는 뜻의 '영아리'와 분화구에 물이 고인 습지를 품고 있기에 '물'이라는 접두어가 붙은 오름 / 무료,126.6935196,33.3708091
양금석가옥,문화/예술,제주특별자치도 서귀포시 남원읍 신례1리 1314,제주도 전통 초가 양식으로 이루어진 가옥 / 무료,126.6284804,33.29131729
동백포레스트,레저/테마,제주특별자치도 서귀포시 남원읍 신례리 1767,사진찍기 좋은 신례리 동백나무 군락지 / 4000원(성인)+3000원(제주도민+초등학생+경로)+무료(미취학아동+국가유공자),126.6361998,33.30030681
이승이오름(이승악),관광지,제주특별자치도 서귀포시 남원읍 신례리 산 2-4,살쾡이를 닮아서 이승이란 이름을 갖게 된 오름 / 무료,126.6222444,33.34014394
사라오름,관광지,제주특별자치도 서귀포시 남원읍 신례리 산 2-1,노루 떼가 뛰어노는 모습이 한 폭의 그림 같은 곳임 / 무료,126.5708337,33.37192793
휴애리 자연생활공원,관광지,제주특별자치도 서귀포시 남원읍 신례리 2081,자연 속 동식물들과 교감이 있는 체험형 자연생활공원 / 13000원(성인)+11000원(청소년+성인단체)+10000원(어린이)+9000원(청소년단체)+8000원(어린이단체)+6500원(경로+유공자성인+장애인성인+제주도민성인)+5500원(유공자청소년+장애인청소년+제주도민청소년)+5000원(유공자어린이+장애인어린이+제주도민어린이),126.635405,33.3093861
제주 신례리 왕벚나무 자생지,관광지,제주특별자치도 서귀포시 남원읍 신례리 산 2-1,제주시에서 서귀포시로 가는 길목 산자락에 자리하고 있는 나무 / 무료,126.6096904,33.33820947
공천포구,관광지,제주특별자치도 서귀포시 남원읍 신례리 72-18,검은 돌과 검은 모래가 가득한 바다 / 무료,126.6418425,33.26338571
예절이오름(여절악),관광지,제주특별자치도 서귀포시 남원읍 신흥리 산 18,정상에서 바라보는 말굽형 모양의 예절이오름 / 무료,126.7364605,33.34893211
스프링데일CC,레저/테마,제주특별자치도 서귀포시 남원읍 위미리 4625,해발 400고지에 위치한 여름에는 시원하고 겨울에는 따뜻한 기온의 골프장 / 111000원(주중18홀)+141000원(토요일+공휴일)+80000원(카트비)+120000원(캐디비),126.6384742,33.32935251
이음새,체험/관람,제주특별자치도 서귀포시 남원읍 위미리 4137-1,"감귤 따기 체험, 감물염색 체험 등 체험을 할 수 있는 천연염색체험장 / 55000원(혼합봉10kg)+35000원(꼬마봉10kg)",126.651431,33.27578785
위미동백나무군락,관광지,제주특별자치도 서귀포시 남원읍 위미리 903-1,"사철 푸른 동백과 새, 감귤원과 함께 남국의 정취를 느낄 수 있음 / 무료",126.6747236,33.27292969
"자배봉(자배오름, 망오름)",관광지,제주특별자치도 서귀포시 남원읍 위미리 산 132-2,생태숲과 유적지를 가지고 있는 자배봉 / 무료,126.6769199,33.30098962
태웃개,체험/관람,제주특별자치도 서귀포시 남원읍 위미리 69,여유롭게 물놀이를 즐기며 해안 절경을 감상할 수 있는 곳임 / 무료,126.6911068,33.27038829
의귀리 김만일묘역,문화/예술,제주특별자치도 서귀포시 남원읍 의귀리 1773,제주 고유의 석물문화를 밝히는 자료 / 무료,126.709273,33.32216083
옥돔마을,관광지,제주특별자치도 서귀포시 남원읍 태흥리 364-4,옥돔 경매 구경 및 옥돔 요리 먹을 수 있는 곳임 / 무료,126.7501733,33.2870209
걸서악오름,관광지,제주특별자치도 서귀포시 남원읍 하례리 산 124번지,"시원한 하례리 마을 풍경과 범섬, 섭섬 풍경을 한번에 볼 수 있는 오름 / 무료",126.6200543,33.28228456
제주농업생태원,체험/관람,제주특별자치도 서귀포시 남원읍 하례리 1558,감귤에 대한 모든 궁금증을 풀어주는 곳 / 무료,126.609863,33.28862074
효명사,관광지,제주특별자치도 서귀포시 남원읍 하례리 산 45,한라산 중턱에 위치한 소박한 사찰 / 무료,126.5941628,33.32328748
고살리숲길,관광지,제주특별자치도 서귀포시 남원읍 하례리 산 54-2,연중 물이 고이고 흐르는 계속에 나무들이 조화를 이루는 숲길 / 무료,126.5985137,33.31714129
수악,관광지,제주특별자치도 서귀포시 남원읍 하례리 산 10,가슴을 청아하게 물들이는 오름 / 무료,126.6093992,33.3246324
머체왓숲길,관광지,제주특별자치도 서귀포시 남원읍 한남리 1622-3,다양한 테마가 어우러진 숲길임 / 무료,126.673919,33.3305303
사려니오름,관광지,제주특별자치도 서귀포시 남원읍 한남리 산 2-1,볼록한 제주 오름들이 한눈에 보이는 오름 / 무료,126.6458498,33.34008502
가파도,관광지,제주특별자치도 서귀포시 대정읍 가파리 276,제주도 부속섬 중 4번째로 큰 섬임 / ,126.2714146,33.1700117
노리매,레저/테마,제주특별자치도 서귀포시 대정읍 구억리 654-1,사계절이 머무는 자연 속에서 여유롭게 산책할 수 있는 공원 / 9000원(성인개인)+7000원(성인단체)+6000원(청소년개인+군인개인+유공자개인+경로개인+장애인개인)+5000원(청소년단체+군인단체+유공자단체+경로단체+장애인단체+어린이개인)+4000원(어린이단체),126.2873486,33.28309895
대한민국최남단비,관광지,제주특별자치도 서귀포시 대정읍 가파리 583-9,최남단을 상징하는 기념비 / ,126.2685579,33.11377176
마라도 등대,관광지,제주특별자치도 서귀포시 대정읍 가파리 639,대한민국 최남단에 위치한 푸른 잔디밭 끝에 걸쳐 바다를 향하고 있는 마라도 등대 / ,126.2695118,33.11664905
초콜렛캐슬,문화/예술,제주특별자치도 서귀포시 대정읍 가파리 685,초콜릿을 주제로 전시된 작품이 있는 박물관 / ,126.2672697,33.11392085
마라도,관광지,제주특별자치도 서귀포시 대정읍 가파리 600,대한민국 최남단에 위치한 섬 / ,126.2671688,33.11848589
가파초등학교 마라분교장,문화/예술,제주특별자치도 서귀포시 대정읍 가파리 696,마라도에 위치한 분교이며 관광객들 포토존 / ,126.2667098,33.11924732
무릉곶자왈,관광지,제주특별자치도 서귀포시 대정읍 무릉리 산 1,자연 그대로를 간직한 제주도만의 독특한 숲 / ,126.2625449,33.29155108
엉클리틀,체험/관람,제주특별자치도 서귀포시 대정읍 보성리 989,관광농원 및 팜스테이 / ,126.2646735,33.25599076
제주곶자왈도립공원,관광지,제주특별자치도 서귀포시 대정읍 보성리 산1,암괴들이 불규칙하게 널려있는 지대에 형성된 숲 / 1000원(성인)+800원(청소년+군인)+500원(어린이),126.2736047,33.28319972
발자국화석공원,관광지,제주특별자치도 서귀포시 대정읍 상모리 626-1,천연기념물 제464호로 지정되어 있으며 다양한 생물의 발자국 화석을 볼 수 있는 곳 / ,126.2931434,33.21735034
송악산진지동굴,관광지,제주특별자치도 서귀포시 대정읍 상모리 194-2,2차 대전 당시 대정읍에 만든 국내 최대의 일제시대 군사유적지 / ,126.2917117,33.20333105
송악카트체험장,레저/테마,제주특별자치도 서귀포시 대정읍 상모리 139,송악산 근처 레포츠시설 카트체험장 / 25000원(성인+청소년+어린이)+5000원(유아동승),126.2894204,33.20850906
알뜨르비행장,관광지,제주특별자치도 서귀포시 대정읍 상모리 1670,1945년 무렵에 만들어진 일본 해군 비행장의 부속 시설 / ,126.2715241,33.20471796
섯알오름 ,관광지,제주특별자치도 서귀포시 대정읍 상모리 1593-2,역사의 아픔을 간직한 오름 / ,126.2812239,33.20647842
송악산 전망대,관광지,제주특별자치도 서귀포시 대정읍 상모리 산 2-13,해안을 따라 펼쳐진 주변 경관을 감상할 수 있어 관광객들이 많이 찾는 곳 / ,126.2939734,33.19848191
제주 추사관,관광지,제주특별자치도 서귀포시 대정읍 안성리 1661-1,조선 후기 문신이자 서화가였던 추사 김정희 선생이 제주 유배지에서 역작 「세한도」와 추사체(秋史體)를 창출해 낸 업적을 기리는 곳으로 김정희 선생이 유배생활을 하며 남긴 흔적들을 볼 수 있음 / 무료,126.2782283,33.24997529
제주도예촌,체험/관람,제주특별자치도 서귀포시 대정읍 영락리 6,유약없이 도자기를 직접 굽는 곳으로 제주만의 도자기를 볼 수 있는 제주의 숨겨진 명소 / ,126.2355517,33.26490673
초콜릿박물관,문화/예술,제주특별자치도 서귀포시 대정읍 일과리 551-18,초콜릿의 역사와 지구상 모든 초콜릿에 대하여 알아갈 수 있는 초콜릿 박물관임 / 7000원(성인+중학생이상)+6500원(성인단체+중학생단체)+5000원(6세부터13세까지)+4500원(6세부터13세까지단체),126.2299943,33.25703747
하모해변,관광지,제주특별자치도 서귀포시 대정읍 하모리 279,"안전사고 우려가 높아 현재는 폐장된 상태이며, 올레 10코스 지점 중 하나이며 해변 근처에 유료 야영장이 존재함, 여름 성수기에는 바닷속을 걸어 다니는 ‘씨워킹’이라는 이색 해양 스포츠를 경험할 수 있음 / 무료",126.2608081,33.21129293
제주커피박물관 Baum,문화/예술,제주특별자치도 서귀포시 성산읍 고성리 2040-1,숲과 함께 다채로운 커피의 향을 즐길 수 있는 곳 / 7000원(바움라떼)+7500원(아인슈페너)+5000원(에스프레소),126.8992088,33.43987825
대수산봉,관광지,제주특별자치도 서귀포시 성산읍 고성리 2039-1,성산일출봉과 섭지코지가 아름답게 내려다 보이는 곳 / 무료,126.9016368,33.43967057
빛의벙커,문화/예술,제주특별자치도 서귀포시 성산읍 고성리 2039-22,옛 국가기간 통신시설 벙커를 재생하여 거장들의 작품을 빛과 음악을 통해서 감상하는 빛의 벙커 / 18000원(성인)+13000원(청소년)+10000원(어린이)+8000원(4세이상7세까지+장애인+국가유공자)+12600원(제주도민성인)+9100원(제주도민청소년)+7000원(제주도민어린이)+5600원(제주도민4세이상7세까지+장애인+국가유공자),126.8998166,33.43964883
쿠지홀리데이팜,체험/관람,제주특별자치도 서귀포시 성산읍 난산리 1097,천혜향 따기 체험과 구매를 할 수 있는 농원 / 10000원(성인+청소년+어린이),126.8708197,33.40218696
모구리오름,관광지,제주특별자치도 서귀포시 성산읍 난산리 2960-1,편백나무 숲이 있는 오름 / 무료,126.8286384,33.40901972
유건에오름,관광지,제주특별자치도 서귀포시 성산읍 난산리 2302,북쪽과 서쪽의 봉우리가 이어져 1km의 능선을 이루고 있는 오름 / 무료,126.8458048,33.41322123
베니스랜드,레저/테마,제주특별자치도 서귀포시 성산읍 난산리 2570,제주에서 만나는 아름다운 수상도시 베니스 여행 / 12000원(성인)+10000원(청소년)+8000원(어린이),126.8407105,33.41527273
김영갑갤러리두모악,문화/예술,제주특별자치도 서귀포시 성산읍 삼달리 437-5,두모악에는 제주를 매우 사랑하며 두모악에 잠든 김영갑 선생의 20여년간의 작품들이 전시 / 4500원(성인)+3000원(청소년+군인+국가유공자+제주도민)+1500원(어린이+65세이상경로)+무료(3세이하+장애인),126.854144,33.37189885
고흐의정원,체험/관람,제주특별자치도 서귀포시 성산읍 삼달리 1185-2,위대한 작가 반고흐의 지난 삶을 보고 듣고 만질 수 있는 고흐의 정원 / 12000원(성인)+10000원(청소년+20명단체성인)+8000원(어린이+제주도민성인+제주도민청소년+20명단체청소년)+6000원(제주도민어린이+20명단체어린이),126.8437071,33.37335804
블루마운틴4255,문화/예술,제주특별자치도 서귀포시 성산읍 삼달리 1510-1,향긋한 커피의 공간 블루마운틴 커피박물관 / 12000원(커피족욕)+15000원(전동킥보드1시간)+20000원(전동킥보드2시간),126.8373142,33.38006916
미천굴,관광지,제주특별자치도 서귀포시 성산읍 삼달리 1010,"길이 1,695 m이며, 신생대 제4기 초에 생겨난 용암굴 / 9000원(성인)+8000원(경로)+6000원(청소년)+5000원(어린이)",126.84266,33.38344811
일출랜드,레저/테마,제주특별자치도 서귀포시 성산읍 삼달리 1010,"미천굴을 중심으로 사계절 제주 토종 식물과 꽃의 축제가 열리는 제주 청정 자연의 생태, 문화, 체험이 가능한 웰니스 관광지 / 9000원(성인)+8000원(경로)+6000원(청소년)+5000원(어린이+감귤체험)",126.8415988,33.38342648
성산일출봉,관광지,제주특별자치도 서귀포시 성산읍 성산리 114,제주도의 다른 오름들과는 달리 마그마가 물속에서 분출하면서 만들어진 수성화산체 / 5000원(성인)+4000원(성인단체)+2500원(청소년+군인+어린이)+2000원(청소년단체+군인단체+어린이단체),126.9405375,33.45911604
성산포항,관광지,제주특별자치도 서귀포시 성산읍 성산리 347-9,제주 서귀포시 성산읍에 있는 항구 / 무료,126.9332874,33.47343666
대왕산,관광지,제주특별자치도 서귀포시 성산읍 수산리 1429,성산읍 수산리 북서쪽에 위치한 오름 / 무료,126.8729152,33.45612141
통오름,관광지,제주특별자치도 서귀포시 성산읍 신산리 1754-1,"산 모양이 물통, 밥통 같은 통처럼 움푹 패인 형태라고 하여 통오름 / 무료",126.8558848,33.39303937
쇠와꽃승마장,레저/테마,제주특별자치도 서귀포시 성산읍 고성리 354-1,해변을 따라 승마를 즐길 수 있는 곳 / 25000원(쇠와꽃A코스)+50000원(쇠와꽃B코스)+150000원(해안외승트레킹),126.91985,33.44736091
아쿠아플라넷 제주,체험/관람,제주특별자치도 서귀포시 성산읍 고성리 127-3,450여종의 바다생명체가 있는 아시아 최대 수족관 / 40700원(성인)+38900원(청소년+경로)+36900원(어린이),126.927681,33.43287455
붉은오름,관광지,제주특별자치도 서귀포시 성산읍 고성리 57,오름 전체가 붉은송이로 형성되어 있는 곳 / 무료,126.9336425,33.42742537
소수산봉,관광지,제주특별자치도 서귀포시 성산읍 고성리 887,아름다운 일출봉과 광치기 해안을 볼 수 있는 곳 / 무료,126.9122111,33.43675277
섭지코지,관광지,제주특별자치도 서귀포시 성산읍 고성리 87,아름다운 해안이 일품인 섭지 / 무료,126.9306049,33.42393671
광치기해변,관광지,제주특별자치도 서귀포시 성산읍 고성리 224-33,성산일출봉과 독특한 해안지형이 어우러져 이색적인 풍광을 간직한 곳 / 무료,126.9238923,33.45231781
아비앙또정원,관광지,제주특별자치도 서귀포시 성산읍 신풍리 1411,개인이 운영하는 정원. 아름다운 해바라기를 볼 수 있어 많은 사람들이 찾는 곳 / 5000원(성인+청소년+어린이+경로),126.8207755,33.36924046
식산봉,관광지,제주특별자치도 서귀포시 성산읍 오조리 313,성산읍 오조리에 위치한 측화산. 제주 기념물 제47호인 황근자생지 및 상록활엽수림이 있는 곳 / 무료,126.9199326,33.46566816
오조포구,관광지,제주특별자치도 서귀포시 성산읍 오조리,바다 위 성산일출봉의 모습이 보임. 인기 드라마의 촬영지로 쓰여 관광객들이 많이 찾는 곳 / 무료,126.9210375,33.46323452
혼인지마을,체험/관람,제주특별자치도 서귀포시 성산읍 온평리 1693,"혼인지는 탐라국 건국신화 ‘삼신인’의 신화가 있는 곳으로, 넓은 연못인 혼인지에서 3신이 혼례를 올림으로써 자손이 늘어나고 농사가 시작되었다는 전설이 전해짐 / 무료",126.8937838,33.41518977
안덕계곡,관광지,제주특별자치도 서귀포시 안덕면 감산리 1946,"구가의 서' 촬영지, 제주의 아름다운 계곡 중 하나로 꼽히는 신비한 안덕계곡, 공사중으로 출입 전면 통제 중, 2023년 공사 완료 예정 / 무료",126.352557,33.2571804
감귤체험농장 예래팜 본점,체험/관람,제주특별자치도 서귀포시 안덕면 감산리 349,친환경으로 직접 지은 귤 따기 체험과 친환경 무농약 귤을 경험할 수 있는 곳 / 5000원(감귤따기체험),126.3541987,33.25866984
월라봉 진지동굴(안덕면),관광지,제주특별자치도 서귀포시 안덕면 감산리 1162,아름답지만 슬픈 역사가 남아 있는 월라봉 진지동굴 / 무료,126.3488505,33.2447052
건강과성박물관,문화/예술,제주특별자치도 서귀포시 안덕면 감산리 1404,"건강과 성 박물관은 서귀포시 안덕면 감산리에서 세계최대, 최초의 제1종 성 박물관으로 운영 / 13000원(성인)+11000원(제주도민+경로우대+의무군경)+9000원(장애인)",126.3466608,33.25490453
볼레낭길,관광지,제주특별자치도 서귀포시 안덕면 감산리 1049,"제주올레 9코스의 한 구간, 보리수나무가 흐드러진 볼레낭길 / 무료",126.3492461,33.23584661
월나봉(도래오름),관광지,제주특별자치도 서귀포시 안덕면 감산리 1144,제주 서부일대의 전쟁유적지를 느낄 수 있는 오름 / 무료,126.3494815,33.24390832
창고천생태공원,관광지,제주특별자치도 서귀포시 안덕면 감산리 1946,안덕지역을 통과하는 생태 공원 / ,126.3548912,33.25643517
박수기정,관광지,제주특별자치도 서귀포시 안덕면 감산리 1008,중문의 주상절리나 애월 해안도로의 해안 절벽 같은 멋진 풍경을 지닌 곳 / 무료,126.359158,33.2364413
왕이메오름,관광지,제주특별자치도 서귀포시 안덕면 광평리 산 79,탐라국 삼신왕이 사흘 동안 기도를 드린 전설 속의 오름(마지막 입산시간:15:30) / 무료,126.3765718,33.34352428
돔박이오름,관광지,제주특별자치도 서귀포시 안덕면 광평리 산 89,키 큰 억새들의 오름 / 무료,126.3643392,33.33947266
군산,관광지,제주특별자치도 서귀포시 안덕면 창천리 산 3-1,비고 280m의 원추형(라바돔) 화구를 지닌 화산체 / ,126.3699606,33.25310206
대평포구,관광지,제주특별자치도 서귀포시 안덕면 창천리 914-5,"제주 올레 9코스의 시작 점이자 동시에 8코스의 종착점이며, 넓은 포구의 해안 길을 따라 걷다 보면 박수 기정이라 불리는 해안 절벽이 수려한 풍광을 자랑하고 있음 / 무료",126.3619046,33.23718348
은하감귤체험농장,체험/관람,제주특별자치도 서귀포시 안덕면 덕수리 1700,귤 따기 체험과 귤 판매를 하는 곳 / 5000원,126.3045463,33.27249876
감귤밭미즈허팜,체험/관람,제주특별자치도 서귀포시 안덕면 덕수리 1115,부담없이 감귤체험을 할 수 있는 농장(10~3월 운영) / 12000원,126.3141515,33.26166515
미령이네,체험/관람,제주특별자치도 서귀포시 안덕면 덕수리 2107-8,직접 농사지은 귤 밭에서 귤 따기 체험농장을 운영 중 / 6000원,126.3042515,33.26129007
마노르블랑,레저/테마,제주특별자치도 서귀포시 안덕면 덕수리 2952,7000여본에 유럽 수국과 장미 그리고 동백으로 꾸며진 아름다운 정원이 있는 아날로그감성 카페 / 4000원(성인),126.2949881,33.25481842
하영담아감귤농장,체험/관람,제주특별자치도 서귀포시 안덕면 덕수리 2263-2,농촌과 도시의 연결고리인 하영담아 감귤농장 / 35000원(바구니당),126.3046396,33.25428671
루나폴,레저/테마,제주특별자치도 서귀포시 안덕면 덕수리 산 27,세계 최대규모 디지털 테마파크 / 22000원(성인)+20000원(청소년)+17000원(어린이),126.3222747,33.25413388
제주아트서커스,문화/예술,제주특별자치도 서귀포시 안덕면 동광리 886,"세계 최초 7인의 여전사, 오토바이쇼 상상 그 이상의 감동 국내 최초 오토바이쇼 상설 공연을 시작으로 항상 최고와 새로움을 추구하는 서커스월드 공연장 / 20000원(성인)+18000원(청소년)+15000원(어린이)",126.3448081,33.31437865
무등이왓터,관광지,제주특별자치도 서귀포시 안덕면 동광리 233-1,불에 타 흔적만 남은 마을의 터 / 무료,126.3520825,33.30942864
삼밭구석,관광지,제주특별자치도 서귀포시 안덕면 동광리 1396,4.3사건 당시 죽은 삼밧구석 주민들의 원혼을 달래기 위해 마을 출신 주민들이 직접 세운 비석 / 무료,126.3307772,33.30995135
토이파크,문화/예술,제주특별자치도 서귀포시 안덕면 동광리 383,국내외 진귀한 장난감이 모여 있는 꿈동산 / 8000원(성인+청소년+어린이),126.3453645,33.31895498
조은승마장,레저/테마,제주특별자치도 서귀포시 안덕면 동광리 897-2,아이들과 함께하는 승마체험 / ,126.3448302,33.3182399
당오름,관광지,제주특별자치도 서귀포시 안덕면 동광리 산 68-1,뱀을 신으로 모시던 신당이 있던 오름 / 무료,126.3356543,33.33409324
원물오름,관광지,제주특별자치도 서귀포시 안덕면 동광리 산 41,동광리에 위치한 측화산 / 무료,126.3448844,33.32320578
거린오름,관광지,제주특별자치도 서귀포시 안덕면 동광리 산 94,제주도 서부를 한눈에 조망할 수 있는 거린오름 / 무료,126.3319271,33.30313462
밝은오름,관광지,제주특별자치도 서귀포시 안덕면 동광리 736,명칭을 벗어나 숲을 이룬 환경으로 시민들을 받아들이는 착한 화산체 / 무료,126.3414677,33.30126738
감낭오름,관광지,제주특별자치도 서귀포시 안덕면 동광리 산 41,오름 주변에 감나무가 있었음에 연유하여 감낭이라 이름 붙여진 오름 / 무료,126.3501824,33.32491736
북오름,관광지,제주특별자치도 서귀포시 안덕면 동광리 산 93,안덕 곶자왈 지대에 위치한 북오름 / 무료,126.3320643,33.30627296
제주커피수목원,체험/관람,제주특별자치도 서귀포시 안덕면 사계리 3136,다양한 체험이 가능한 커피수목원 / ,126.2872649,33.23855212
대정향교,관광지,제주특별자치도 서귀포시 안덕면 사계리 3126-1,서귀포시 안덕면 사계리에 있는 조선시대의 향교 / ,126.2883834,33.23954804
산방굴사,관광지,제주특별자치도 서귀포시 안덕면 사계리 3693,불상이 있어 사찰로 불리는 아름다운 풍광을 가진 산방굴사 / 1000원(성인)+500원(청소년+어린이),126.3130893,33.2379626
형제섬,관광지,제주특별자치도 서귀포시 안덕면 사계리 산 44,바다 한가운데 바위처럼 보이는 크고 작은 섬 2개가 사람의 형과 아우처럼 마주보고 있다 하여 붙여진 형제섬 / ,126.3143429,33.21000356
형제해안로전망대,관광지,제주특별자치도 서귀포시 안덕면 사계리 2147-13,형제섬이 보이는 형제해안로 전망대 / ,126.3038673,33.22784929
용머리하멜상선전시관,문화/예술,제주특별자치도 서귀포시 안덕면 사계리 116-7,제주에 표류했던 네델란드인 하멜을 기념하기 위한 전시관 / 2500원(성인)+1500원(청소년+어린이),126.3137051,33.23330914
산방산 랜드,레저/테마,제주특별자치도 서귀포시 안덕면 사계리 117-2,"산방산과 용머리 해안 관광지구에 설치된 곳으로 바이킹시설, 야구연습장 등  다양한 시설이 있는 곳 / ",126.311695,33.23379167
용머리해안,관광지,제주특별자치도 서귀포시 안덕면 사계리 112-3,사계리에 위치한 천연기념물 제526호 용머리해안 / 2000원(성인)+1000원(청소년+어린이),126.3147424,33.23166941
사계해변,관광지,제주특별자치도 서귀포시 안덕면 사계리 2032-51,산방산 바로 아래쪽에 위치한 작고 한적한 해변 / ,126.3086052,33.22867589
파더스가든,체험/관람,제주특별자치도 서귀포시 안덕면 상창리 804,1966년부터 가꿔온 조경수농장을 2021년부터 관광농원으로 지정하여 약 50여년만에 오픈한 공간 / 10000원(성인)+8000원(어린이+청소년+경로+군인),126.3657545,33.27994772
낭만농장 귤밭76번지,체험/관람,제주특별자치도 서귀포시 안덕면 상창리 906,제주도에서 귤 농사를 짓고 있는 청년들의 손길에서 비롯된 곳 / 2000원(입장료),126.3651497,33.28304844
로빈맘금귤따기,체험/관람,제주특별자치도 서귀포시 안덕면 상창리 1978,감귤 따기 체험을 할 수 있는 농장 / 10000원(금귤1kg),126.351473,33.29239067
피규어뮤지엄제주,문화/예술,제주특별자치도 서귀포시 안덕면 상창리 1875-8,피규어 및 토이를 테마로 테마파크의 기능을 접목시킨 새로운 개념의 뮤지엄 / 15000원(성인)+13500원(청소년)+12000원(어린이),126.3553138,33.2819835
세계자동차&피아노 박물관,문화/예술,제주특별자치도 서귀포시 안덕면 상창리 2065-4,인간이 만든 가장 위대한 발명품인 역동적인 자동차와 인간의 감성을 가장 잘 표현해주는 악기 예술의 상징 피아노의 역사와 문화의 모든 것을 볼 수 있는 공간 / 13000원(성인)+12000원(청소년+어린이)+10000원(경로+장애인),126.3497557,33.28383328
카멜리아힐,레저/테마,제주특별자치도 서귀포시 안덕면 상창리 271,80여 개국 500여 품종의 수많은 동백꽃을 만날 수 있는 곳 / 9000원(성인)+7000원(청소년+경로+군인)+6000원(장애인+보훈대상+4.3유족+어린이),126.3700054,33.28963464
소병악오름,관광지,제주특별자치도 서귀포시 안덕면 상창리 산 2-1,울창한 자연림의 숲을 이루고 있는 소병악 / ,126.3743069,33.30834791
대병악오름,관광지,제주특별자치도 서귀포시 안덕면 상창리 산 2-1,오름 꼭대기 언저리가 마치 여자의 얹은머리 모양과 닮았다고 해서 여진머리오름이라는 이름이 있는 오름 / ,126.3682552,33.30625711
뽀로로 & 타요테마파크,레저/테마,제주특별자치도 서귀포시 안덕면 상창리 80,아이들에게 인기만점인 캐릭터 뽀로로와 타요를 만날 수 있는 테마파크 / 30000원(테마파크종합이용권성인)+40000원(테마파크종합이용권어린이)+15000원(타요트램플린존이용권성인+뽀로로파크존이용권성인+Big3이용권)+25000원(타요트램플린존이용권어린이+뽀로로파크존이용권어린이)+20000원(Big5이용권),126.3708258,33.3004187
헬로키티아일랜드,레저/테마,제주특별자치도 서귀포시 안덕면 상창리 1963-2,많은 사랑을 받고 있는 헬로키티 전시관 / 14000원(성인)+13000원(청소년)+11000원(어린이),126.3520466,33.29014301
포도뮤지엄,문화/예술,제주특별자치도 서귀포시 안덕면 상천리 837,다양성을 존중하고 서로의 생각을 공유하는 열린 문화공간 / 10000원(성인)+6000원(청소년)+4000원(어린이),126.3859735,33.31927503
본태박물관,문화/예술,제주특별자치도 서귀포시 안덕면 상천리 380,차용된 빛과 물이 조화롭게 어우러진 박물관 / 20000원(성인)+12000원(학생)+10000원(미취학),126.3924802,33.30377225
수풍석 뮤지엄,문화/예술,제주특별자치도 서귀포시 안덕면 상천리 796,"수(水) ? 풍(風) ? 석(石)뮤지엄은 제주도의 으뜸 요소인 물, 바람, 돌을 각각의 테마로 삼고 있는 공간 / 30000원(성인)+15000(초등학생)",126.3898026,33.29992277
영아리,관광지,제주특별자치도 서귀포시 안덕면 상천리 산 19,안덕면 상천리 산24번지 일대에 걸쳐 있는 오름 / ,126.3999625,33.33005226
아라고나이트 고온천,레저/테마,제주특별자치도 서귀포시 안덕면 상천리 380-7,국내 유일의 아라고나이트 심층 고온천 / 35000원(성인)+17500원(어린이),126.3921502,33.30296708
무민랜드제주,문화/예술,제주특별자치도 서귀포시 안덕면 상천리 470-6,무민 이야기가 예술로 살아 숨쉬는 감성 공간 / 15000원(성인)+14000원(청소년)+12000원(어린이),126.381831,33.30651247
신화역사공원,관광지,제주특별자치도 서귀포시 안덕면 서광리 산24-8,제주의 신화·역사를 핵심 테마로 한 복합관광단지 / 무료,126.3173224,33.29894392
이상한나라의 앨리스,관광지,제주특별자치도 서귀포시 안덕면 서광리 717-3,국내 최초 거울로 된 미로! 이상한 나라의 앨리스 안은 마치 아주 넓은 공간에 들어온 느낌으로 배경과 함께 즐기면서 미로 탈출을 체험하는 공간 / 6000원(성인)+5000원+(청소년+어린이+성인단체20인이상)+4000원(청소년단체20인이상+어린이단체20인이상),126.3216056,33.28897754
소인국테마파크,레저/테마,제주특별자치도 서귀포시 안덕면 서광리 725,"소인국 테마파크는 2만여평의 부지에 30여개국 100여점의 유명 건축물 미니어처와 제주도의 돌문화, 민속신앙, 공룡화석 등을 갖춘 복합문화공간으로 국내 최대의 미니어처 테마파크 / 12000원(성인)+9000원(청소년+군인+경로+장애인)+7000원(어린이)",126.3225515,33.29056728
트로이테마농원,체험/관람,제주특별자치도 서귀포시 안덕면 서광리 1412,감귤 밭에서 이색 승마체험을 즐길 수 있는 관광농원 / 12000원(승마체험)+5000원(감귤체험),126.302123,33.29073601
제주신화전설탐방로신나락만나락,체험/관람,제주특별자치도 서귀포시 안덕면 서광리 산39,32㎞의 곶자왈 숲길과 돌담길로 이뤄진 탐방로 / 무료,126.2994374,33.30472285
제주항공우주박물관,문화/예술,제주특별자치도 서귀포시 안덕면 서광리 산39,"제주항공우주박물관(JAM)은 미래 첨단산업인 우주와 항공을 테마로 교육과 엔터테인먼트를 접목한 체험형 공간과 전시프로그램, 천문대와 전망대 등을 조성하여 방문객들에게 꿈과 비전을 제시함 / 10000원(성인개인)+9000원(성인단체)+8000원(청소년단체+어린이개인)",126.2996913,33.30419233
오설록티뮤지엄,문화/예술,제주특별자치도 서귀포시 안덕면 서광리1235-1,국내 최초의 차박물관 / 무료,126.2894877,33.30591733
신화워터파크,레저/테마,제주특별자치도 서귀포시 안덕면 서광리 산24,"파도풀, 유수풀을 포함한 18개의 풀과 슬라이드, 6개의 식음 매장, 찜질방까지 갖춘 제주 최대 실내외 워터파크로 3,000명까지 동시 수용할 수 있음 / 60000원(자유이용권)",126.3153914,33.30595681
신화테마파크,레저/테마,제주특별자치도 서귀포시 안덕면 서광리 산35-16,한국 토종 애니메이션으로 세계적인 인기를 끈 라바의 세계관이 곳곳에 심어진 정통 테마파크 / 40000원(자유이용권)+17000원(빅3)+6000원(싱글라이드),126.31528,33.30475706
신산오름,관광지,제주특별자치도 서귀포시 안덕면 창천리 328,"원형 분화구에서 북쪽으로의 용암유출에 의해 북쪽으로 터진 형태의 말굽형 화구를 이루고 있으며, 오름 사면 대부분이 감귤 밭과 묘지로 이루어져 있음 / ",126.3624799,33.26286001
화순곶자왈생태탐방숲길,관광지,제주특별자치도 서귀포시 안덕면 화순리 2045-5,"하나의 숲에서 북방한계식물과 남방한계식물을 동시에 관찰할 수 곳이며, 총 9km에 걸쳐 분포하나, 기본 코스의 경우 보통 걸음으로 30~40분이며 한 바퀴를 다 둘러볼 수 있음 / 무료",126.3319324,33.2640498
화순금모래해변,관광지,제주특별자치도 서귀포시 안덕면 화순리 776-8,"소금막 해변 백사장이 넓게 펼쳐져 있고 뒤로는 산방산이 있으며, 앞으로는 가파도, 마라도, 형제섬 등이 한눈에 펼쳐져, 마치 동양의 산수화를 연상케 할 만큼 아름다운 해변이 있음 / 무료",126.3335908,33.23998555
화순금모래해수욕장 담수풀장,관광지,제주특별자치도 서귀포시 안덕면 화순리 851-3,"용천수를 활용한 풀장이어서 물이 차갑지만, 소금끼 없는 깨끗한 물에서 바다를 바라보며 물놀이를 즐길 수 있어 인기가 좋음 / 무료",126.3314397,33.24102665
갑선이오름,관광지,제주특별자치도 서귀포시 표선면 가시리 산 2,"비고 83m의 말굽형 화구를 지닌 화산체로, 껍질을 미처 벗지 못한 매미의 굼벵이와 그 모습이 닮아 붙여진 명칭 / ",126.7816587,33.36085811
설오름,관광지,제주특별자치도 서귀포시 표선면 가시리 산1 ,"비고 98m의 말굽형 화구를 지닌 화산체로, 가시리를 통과하는 가마천이 오름 서측 화구를 휘돌아 흐름 / ",126.7695443,33.3710606
따라비오름,관광지,제주특별자치도 서귀포시 표선면 가시리 산62,"비고 107m의 복합형 화산체로, 3개의 굼부리가 이어진 모습이 특징 / ",126.7528573,33.38870473
대록산(큰사슴이오름),관광지,제주특별자치도 서귀포시 표선면 가시리 산68,"대록산 정상에 올라가면 제주 동부권의 여러 오름을 조망할 수 있으며, 정석비행장에서의 연습용 항공기 이착륙을 볼 수 있는 오름 / ",126.7295424,33.39913515
가문이오름,관광지,제주특별자치도 서귀포시 표선면 가시리 산158-2,"말굽형의 분화구를 하고 있는 가문이 오름은 흰 노루귀, 분홍 노루귀 등의 생소한 야생화가 자라고 있으며, 울창한 숲이 우거져 '신령스러운 산'이라는 의미도 포함함 / ",126.688208,33.40213522
구두리오름,관광지,제주특별자치도 서귀포시 표선면 가시리 산158-2,"제동목장 관리사무소와 경주마육성목장 사이에 위치한 오름으로써, 꽤 높고 가파른 사면을 이루면서 동쪽으로 깊숙이 패이고, 아래쪽으로 좁게 비탈지면서 위쪽으로는 둥글고 넓적하게 우묵진 말굽형 화구를 이루는 것이 특징 / ",126.6880403,33.40996192
마은이옆,관광지,제주특별자치도 서귀포시 표선면 가시리 산158,"비고 53m로 비교적 완만한 편이지만, 서쪽 기슭은 다소 가파르며, 전사면은 자연림이 숲을 이루고 있고, 오름 주위에는 복수초군락과 작은 계곡이 있음 / ",126.6642873,33.3917482
번널오름,관광지,제주특별자치도 서귀포시 표선면 가시리 산10,비고 62m로 정상에 오르면 가시리 조랑말체험공원의 풍경을 바라볼 수 있는 오름 / ,126.7458996,33.37432227
병곳오름,관광지,제주특별자치도 서귀포시 표선면 가시리 산8,"비고 113m 말굽형 화구를 지닌 화산체로서, 병고악이라고도 불리는데, 이는 병의 주둥이와 같다 하여 붙여진 명칭 / ",126.7483747,33.36703884
붉은오름,관광지,제주특별자치도 서귀포시 표선면 가시리 산158,"비고 129m 원형화구를 지닌 화산체로서, 고려시대 삼별초 항쟁에서 여몽연합군과 싸우다 흘린 피가 흙의 색처럼 붉다고 하여 붙여진 명칭이라는 설이 있음 / ",126.6795307,33.39986358
소록산,관광지,제주특별자치도 서귀포시 표선면 가시리 산 87-1,"비고 102m 말굽형 화구를 지닌 화산체로서, 소록산 알봉에서는 정석비행장의 풍경을 볼 수 있음 / ",126.7227834,33.40057859
여문영아리,관광지,제주특별자치도 서귀포시 표선면 가시리 산145,"비고 134m 말굽형 화구를 지닌 화산체로서, 신령스러운 여인이 머리를 풀고 앉아있는 모습이라 해서 영아악이라고도 불림 / ",126.6942341,33.38266068
쳇망오름,관광지,제주특별자치도 서귀포시 표선면 가시리 산158-2,"비고 55m 말굽형 화구를 지닌 화산체로서, 오름이 동쪽의 가시천을 바라보는 형국이라고 하여 한자 표기로 ‘천망악(川望岳)’이라고도 함 / ",126.6919412,33.39554247
정석항공관,문화/예술,제주특별자치도 서귀포시 표선면 가시리 3795-2,1993 대전 엑스포 당시 대한항공의 미래항공관을 엑스포가 끝나자 1998년에 제주도 정석비행장 옆으로 그대로 옮긴 항공박물관 / 무료,126.7224719,33.39414938
조랑말체험공원,레저/테마,제주특별자치도 서귀포시 표선면 가시리 3149-33,"제주의 말 문화를 쉽고 재밌게 이해하고 체험할 수 있는 조랑말체험공원은 600년 목축 문화의 역사를 녹여 만든 조랑말박물관, 너른승마체험장, 마음카페 등을 운영하고 있음 / 12000원(승마체험A코스)+25000원(승마체험B코스)+50000원(목장산책+트랙)+100000원(1시간체험)+3000원(먹이주기체험1봉지)",126.7362876,33.38310427
붉은오름자연휴양림,관광지,제주특별자치도 서귀포시 표선면 가시리산 158,"천연숲이 울창한 휴양지로 해맞이 숲길을 따라 말찻오름 정상에서 떠오르는 일출을 감상할 수 있으며, 목재문화체험장, 아로마 테라피실, 편백나무 체험실을 체험해 볼 수 있음 / 1000원(성인개인)+600원(청소년개인+군인)+800원(성인단체)+500원(청소년단체+군인)",126.6753607,33.40149368
장자오름,관광지,제주특별자치도 서귀포시 표선면 성읍리 2759-1,노지 오름쪽을 머리로 남동으로 길게 누운 모습으로 세 단계의 기복으로 봉우리를 이루고 있는 오름 / ,126.7756235,33.38891703
영주산,관광지,제주특별자치도 서귀포시 표선면 성읍리 산15,"비고 176m의 말굽형 화구를 지닌 화산체로서, 높은 비고를 가졌기 때문에 정상에서의 조망권이 매우 좋음 / ",126.7962391,33.4045686
성읍무형문화재전수관,문화/예술,제주특별자치도 서귀포시 표선면 성읍리 775-1,성읍민속마을의 무형문화재전시관 / ,126.8003108,33.38450521
성읍랜드,레저/테마,제주특별자치도 서귀포시 표선면 성읍리 2045-1,"승마, 카트 등의 레저체험이 가능한 테마파크 / 25000원(카트1인용)+35000원(카트2인용)+30000원(승마15분둘레코스+ATV15분기본코스)+40000원(승마20분더블코스)+60000원(승마30분고급외승트래킹)+120000원(승마1시간고급외승트래킹)+50000원(ATV30분고급투어코스)",126.7869282,33.39858877
낙타트래킹,체험/관람,제주특별자치도 서귀포시 표선면 성읍리 2684,낙타트래킹 체험 및 낙타먹이주기 체험이 가능한 테마파크 / 15000원(성인+청소년+어린이)+무료(36개월미만보호자동반시),126.7786275,33.40269688
모지오름,관광지,제주특별자치도 서귀포시 표선면 성읍리산 22,"비고 86m의 말굽형 화산체이며, 굼부리 안에 알오름이 있음 / ",126.7681708,33.39360076
좌보미오름,관광지,제주특별자치도 서귀포시 표선면 성읍리 산6,"비고 112m의 말굽형(남향)화구를 지닌 화산체로서, 5개의 큰 봉우리가 서로 연결되어 하나의 기형적 형태의 커다란 산체를 형성한 형태임 / ",126.8067847,33.43609462
백약이오름,관광지,제주특별자치도 서귀포시 표선면 성읍리 산1,약초가 많이 자생하고 있다고 하여 백약이오름 / ,126.7897733,33.43679951
개오름,관광지,제주특별자치도 서귀포시 표선면 성읍리 2974,모양이 개모양 같다고 하여 붙여진 개오름 / ,126.7718543,33.42257873
목장카페 드르쿰다,레저/테마,제주특별자치도 서귀포시 표선면 성읍리 2873,레저와 카페를 모두 한 곳에 담은 초대형 목장카페 / 9000원(사격30발)+30000원(승마B코스)+38000원(승마A코스)+15000원(카트1인승+승마C코스),126.770346,33.40946197
다이다믹메이즈 제주,레저/테마,제주특별자치도 서귀포시 표선면 성읍리 2381,미로속에서 차원을 넘나들며 역동적인 체험을 즐길 수 있는 실내 프로그램 / 14000원(다이나믹메이즈Ep.3)+10000원(레벨2)+19000원(패키지)+9000원(도민다이나믹메이즈Ep.3)+8000원(도민레벨2)+13000원(도민패키지),126.7852768,33.39913816
매오름,관광지,제주특별자치도 서귀포시 표선면 세화리 산 7,"오름의 생김새가 날아오르기 위해 잔뜩 웅크린 매의 형상을 닮았다 하여 매봉, 매오름이라고 부름, 오름에는 주로 소나무와 삼나무가 조림되어 있고 최근에는 산책로가 새로 개설되고 체력단련 기구도 설치되어 매봉을 오르는 등산객의 수가 점차 늘어나고 있음 / 무료",126.8136028,33.31763213
토산봉,관광지,제주특별자치도 서귀포시 표선면 토산리 산 13,토산리에 있는 도보로 올라가기 좋은 오름 / 무료,126.77427,33.32200741
가세오름,관광지,제주특별자치도 서귀포시 표선면 토산리 산 5,탐방의 소소한 재미를 주는 가세오름 / 무료,126.7813272,33.33014595
알오름,관광지,제주특별자치도 서귀포시 표선면 토산리 산 11,올레 1코스의 한 부분으로 관광객들이 자주 찾는 가볍게 걷기 좋은 오름 / 무료,126.7776999,33.32788094
제주민속촌,문화/예술,제주특별자치도 서귀포시 표선면 표선리 40-1,"제주민속촌은 제주의 문화유산을 원형 그대로 보존하기 위해 19세기 기준 연대로 산촌, 중산간촌, 어촌, 토속신앙을 비롯하여 제주영문과 유배소 등을 전문가의 고증을 통해 구성한 박물관임, 특히 100여 채에 달하는 옛 제주 사람들이 실제 거주했던 가옥들을 전시되어 있으며, 이 가옥 곳곳에서는 민속공예 장인들이 옛 솜씨를 되살리기 위해 노력하고 있음 / 12000원(성인)+10000원(경로)+9000원(청소년+군경)+8000원(어린이)",126.8423107,33.32237839
제주허브동산,레저/테마,제주특별자치도 서귀포시 표선면 표선리 2608,"2만6천평의 허브동산 속에 약 150여 종의 허브와 우리 산하의 야생화가 채워진 각양각색의 정원과 작은 동산들, 그리고 2,000여 평의 체험감귤 농장 등 다양한 형태의 테마공원이 조성되어 있음, 또한 허브동산을 휘어감은 산책로, 허브샵, 카페 등 연인들의 최고 데이트코스로, 가족사랑의 공간으로 손색이 없음 / 12000원(성인)+10000원(청소년)+9000원(어린이)",126.8151813,33.33039253
표선해수욕장,관광지,제주특별자치도 서귀포시 표선면 표선리,원형의 백사장을 가진 야영에 적합한 해수욕장 / 무료,126.8374227,33.32749334
세계술박물관,문화/예술,제주특별자치도 서귀포시 표선면 하천리 1814-1,"세계 술 박물관은 그동안 만들어졌던 다양한 종류의 술들을 보존하며, 그 술들에 관해 한 공간에서 볼 수 있는 박물관 / 7000원(성인)+5000원(경로+청소년)+2000원(초등학생)",126.8175918,33.35396909
쇠소깍,관광지,제주특별자치도 서귀포시 하효동 990-1,물놀이와 레저체험을 할 수 있는 계곡 / 8000원(테우성인)+5000원(테우어린이)+20000원(전통조각배성인)+25000원(전통조각배 성인2인+어린이1인),126.6224481,33.25423312
쇠소깍 해변,관광지,제주특별자치도 서귀포시 하효동 997-3,쇠소깍 근처의 해수욕장(7~8월 운영) / 무료,126.6229864,33.25132924
서귀포 치유의숲,관광지,제주특별자치도 서귀포시 호근동 산 4,산림의 다양한 환경요소를 활용할 수 있도록 조성한 산림 / 1000원(성인)+600원(청소년+군인)+800원(성인단체),126.5278876,33.29192486
각시바우오름,관광지,제주특별자치도 서귀포시 호근동 2112,"정상부는 서귀포 앞바다를 전망 가능, 주변 좋은 경치로 예로부터 선비들이 풍류를 즐긴 곳 / 무료",126.5261284,33.27674835
돔베낭골,관광지,제주특별자치도 서귀포시 호근동,돔베를 닮은 해안절벽 / 무료,126.5330891,33.23950366
제주김녕미로공원,관광지,제주특별자치도 제주시 구좌읍 김녕리 산16,"우리나라 최초의 미로공원, 제주도를 상징하는 독창적인 디자인을 고안하여 남녀노소 즐길 수 있는 공간 / 6600원(성인개인)+5500원(청소년개인+경로개인+유공자개인+경증장애인개인+제주도민개인+사병군인개인+성인단체)+4400원(어린이개인+청소년단체+경로단체+유공자단체+경증장애인단체+제주도민단체+사병군인단체)+무료(중증장애인+75세이상)",126.7722364,33.53652873
김녕사굴,관광지,제주특별자치도 제주시 구좌읍 김녕리 201-4,1962년 12월 3일 만장굴과 함께 천연기념물 제98호로 지정됨 / ,126.7754742,33.54388265
제주어른이집,레저/테마,제주특별자치도 제주시 구좌읍 김녕리 2540,어른 아이 상관없이 누구나 즐길 수 있는 복합놀이문화공간 / ,126.7439009,33.55264572
김녕금속공예벽화마을,문화/예술,제주특별자치도 제주시 구좌읍 김녕리 4026,‘다시방 프로젝트’에 의해 10명의 예술가들이 버려지는 금속 제품과 제주의 현무암을 이용하여 벽화 마을로 탈바꿈함 / ,126.7476148,33.55763916
묘산봉오름,관광지,제주특별자치도 제주시 구좌읍 김녕리 2723,고양이가 누워있는 것처럼 보이는 오름 / ,126.744681,33.54366746
입산봉(삿갓오름),관광지,제주특별자치도 제주시 구좌읍 김녕리 1037-2,산모양이 마치 삿갓을 뒤집어 놓은 것과 같이 보인다 하여 삿갓오름 또는 입산봉이라 불림 / ,126.7582016,33.54756695
청굴물,관광지,제주특별자치도 제주시 구좌읍 김녕리 1296-1,용천수로써 김녕 해수욕장과 김녕 금속공예마을 사이에 위치한 물놀이 장소 / ,126.7511531,33.55829321
김녕성세기해변인증센터,관광지,제주특별자치도 제주시 구좌읍 김녕리 497-4,김녕해수욕장 입구 쪽 주차장에 위치한 자전거여행 인증센터 / ,126.759923,33.55685446
김녕항,관광지,제주특별자치도 제주시 구좌읍 김녕리 4211,맑고 푸른 바다와 다양한 형태의 기암절벽이 조화를 이루고 있는 경관을 볼 수 있는 곳 / ,126.7373134,33.55977253
김녕해수욕장,관광지,제주특별자치도 제주시 구좌읍 김녕리 497-4,코발트 빛 바다와 질 좋은 모래사장 / ,126.7593156,33.5574303
세기알 해변,관광지,제주특별자치도 제주시 구좌읍 김녕리 1200-5,김녕해수욕장으로부터 500m이내에 스노클링 장소로 유명한 곳 / ,126.7555049,33.55789842
덕천리 팔자 좋아 길,관광지,제주특별자치도 제주시 구좌읍 덕천리 산77-1,"웃못연못을 시작으로 숲터널, 사근이오름을 거쳐 상덕천삼거리, 북오름굴 고사리 밭, 주체오름까지 돌아보고 다시 삼덕천삼거리로 돌아오는 8자 모양의 길 / ",126.7462832,33.4826077
북오름,관광지,제주특별자치도 제주시 구좌읍 덕천리 산 69,"제주특별자치도 제주시 구좌읍 덕천리에 있는 오름, 명칭은 오름의 형상이 북을 닮은 데에서 유래함 / ",126.7401714,33.48728788
어대오름,관광지,제주특별자치도 제주시 구좌읍 덕천리 509-1,"기생 화산, 제주특별자치도 제주시 구좌읍 덕천리에 있는 오름, 어두름 또는 어대악(御帶岳, 魚岱岳)이라고도 함 / ",126.7608319,33.49564902
제주바다체험장,체험/관람,제주특별자치도 제주시 구좌읍 동복리 608-3,다양한 해산물 직접 잡고 만질 수 있음. 실내에 위치하여 날씨에 상관없음 / ,126.7217064,33.55474587
동복관광체험어장,체험/관람,제주특별자치도 제주시 구좌읍 동복리 687-10,직접 해산물을 채취해 볼 수 있는 체험장. 잡은 해산물을 가져가서 요리도 가능함 / ,126.718771,33.55590229
해녀박물관,문화/예술,제주특별자치도 제주시 구좌읍 상도리 3204-1,바당의 어멍 제주 해녀의 삶을 느낄 수 있는 곳 / 1100원(개인25세이상64세까지)+800원(단체25세이상64세까지)+500원(개인13세이상24세까지)+300원(단체13세이상24세까지)+무료(어린이개인+어린이단체),126.8628811,33.52351244
마이시크릿포레스트,관광지,제주특별자치도 제주시 구좌읍 상도리 산 46-3,옛 쓰레기 매립장이 사람들의 따뜻한 참여와 함께 신선한 향이 가득하게 재탄생한 숲이며 이니스프리가 관리함 / ,126.8694193,33.50285255
다랑쉬굴,관광지,제주특별자치도 제주시 구좌읍 세화리 2608-3,"4·3사건 당시 하도리, 종달리 주민 11명이 피신해 살다가 굴이 발각되어 집단희생 당한 곳 / ",126.8313463,33.4679956
다랑쉬오름,관광지,제주특별자치도 제주시 구좌읍 세화리 산6 ,"산봉우리의 분화구가 마치 달처럼 둥글게 보인다 하여 다랑쉬(도랑쉬, 달랑쉬)라 불렸다는 설과, 높다는 뜻의 '달'에 봉우리의 뜻을 가진 '수리(쉬)'가 합쳐져 불려진 이름이라는 주장이 있는 오름 / ",126.8215343,33.47768541
세화해변,관광지,제주특별자치도 제주시 구좌읍 세화리 1-1,인생 사진을 남길 수 있는 인생 바다 / 무료,126.8602546,33.52514366
SN박물관(스누피가든),체험/관람,제주특별자치도 제주시 구좌읍 송당리 2303-3,피너츠 에피소드를 자연 속에서 직접 경험하면서 휴식을 통한 위로를 얻는 곳 / 18000원(성인개인)+15000원(청소년개인+성인단체)+13000원(청소년단체)+12000원(어린이개인)+11000원(어린이단체)+9000원(장애인+국가유공자)+20%할인(제주도민+경로65세이상),126.7782184,33.4441771
비밀의 숲,관광지,제주특별자치도 제주시 구좌읍 송당리 2173,안돌오름 안에 있는 사유지에서 즐기는 산림욕 / 3000원(성인)+2000원(65세이상)+1000원(7세이하)+무료(3세이하),126.7549294,33.45360692
솔트리수목원,관광지,제주특별자치도 제주시 구좌읍 송당리 산 126-1,55년 넘게 가꾼 만 그루가 넘는 나무로 꾸민 수목원 / 20000원(성인)+무료(36개월이하),126.7441828,33.43487908
안돌오름,관광지,제주특별자치도 제주시 구좌읍 송당리 산 66-2,"말굽형 화구를 이루면서, 화구 안사면의 골이 패인 곳에서만 유일하게 나무가 우거져 자연림의 숲을 이루고 있는 곳 / 3000원(1인당)",126.7558722,33.45783281
밧돌오름,관광지,제주특별자치도 제주시 구좌읍 송당리 산 66-1 ,"오름 전체에 초지가 있어서 마소들이 있으며, 소나무와 멍게덩굴 등이 자라고 있음. 등성이에도 여러 종류의 야생화가 계절에 따라 피어남 / ",126.7600727,33.46071488
아부오름,관광지,제주특별자치도 제주시 구좌읍 송당리 2263,오름 둘레까지 어렵지 않게 오를 수 있고 제주오름의 모습을 가깝게 느낄 수 있어 최근 각광 받는 곳 / ,126.7772123,33.44858192
거슨새미오름,관광지,제주특별자치도 제주시 구좌읍 송당리 산 145,"해발 380m이며 정상에는 경방 초소가 있고, 전망이 좋은 곳 / ",126.7601311,33.4502293
높은오름,관광지,제주특별자치도 제주시 구좌읍 송당리 산 213-1,"주변 일대에서 유일하게 고도가 400m이상 되는 오름으로 능선미가 선하고, 주위에 산재 된 뭇 오름을 압도하는 느낌을 주어 높은오름이라고 불리는 곳 / ",126.7930685,33.45641056
돛오름,관광지,제주특별자치도 제주시 구좌읍 송당리 산 3,"비자림 서남쪽으로 이어져 있는 오름으로 풍만한 산체를 이루며, 산정부에서 북동쪽으로 얕게 골이 패어 있는 원형 분화구를 가진 오름 / ",126.8015043,33.48107879
당오름,관광지,제주특별자치도 제주시 구좌읍 송당리 산 199-1,전체적으로 나직하고 둥그스름한 몸집에 북서쪽으로 침식된 말굽형 화구를 지닌 화산체 / ,126.7786077,33.46659854
비치미오름,관광지,제주특별자치도 제주시 구좌읍 송당리 산 255-1,북동향으로 벌어진 말굽형 화구를 가지고 있는 오름 / ,126.7632392,33.42755752
민오름,관광지,제주특별자치도 제주시 구좌읍 송당리 산 156,말굽형 화구를 이루면서 두 봉우리가 서남 동북방향으로 서로 마주보기 있는 형태의 오름 / ,126.7627906,33.43633836
안친오름,관광지,제주특별자치도 제주시 구좌읍 송당리 880-1,"높이 192m, 둘레 924m, 총면적 4만 6443m² 규모의 기생 화산 / ",126.7859609,33.47846757
성불오름,관광지,제주특별자치도 제주시 구좌읍 송당리 산 266,송당리에 위치한 소화산체 / ,126.7499913,33.42212636
문석이오름,관광지,제주특별자치도 제주시 구좌읍 송당리 산234 ,가파른 북쪽 비탈면 위쪽은 억새와 잡초로 덮여 있고 아래쪽은 인공적으로 심은 삼나무로 덮여 있음 / ,126.7945173,33.44641863
말방목공원,관광지,제주특별자치도 제주시 구좌읍 송당리 2458,"산책로, 말 먹이주기 체험 등을 무료로 할 수 있는 곳 / ",126.7848137,33.4419933
동쪽송당,관광지,제주특별자치도 제주시 구좌읍 송당리 2635-3,창업주 강동화회장이 도민과 관광객을 위해 개원한 종합공원 / ,126.731196,33.43548274
만장굴,관광지,제주특별자치도 제주시 구좌읍 월정리 산 41-5,천연 기념물 제98호로 수십만 년 전에 형성된 동굴로서 내부의 형태와 지형이 잘 보존되어 있는 제주도의 용암동굴 / 4000원(성인개인)+3000원(성인단체)+2000원(청소년개인+군인개인+어린이개인)+1500원(청소년단체+군인단체+어린이단체),126.7713399,33.52844651
월정리해수욕장,관광지,제주특별자치도 제주시 구좌읍 월정리 33-3,제주도의 동쪽에 위치하고 있는 마을인 월정리의 에메랄드 빛의 풍경화처럼 아름다운 해변 / 무료,126.7958051,33.55646353
종달고망난돌쉼터,관광지,제주특별자치도 제주시 구좌읍 종달리 112-4,"종달해안도로를 지나다 하도해수욕장에 도달할 때 쯤 고망난돌쉼터를 만날 수 있으며, 빠름을 좋아하는 사람들에게는 그 모습을 드러내지 않는 곳이기도 함. 지나치기 쉬운 숨은 명소 / ",126.9068362,33.51019382
용눈이오름,관광지,제주특별자치도 제주시 구좌읍 종달리 산 28,"능선의 아름다움을 뽐내는 오름, 김영갑 작가가 사랑한 오름. 2023년 1월 31일까지 자연휴식년제(출입제한)을 시행 / ",126.8326771,33.45988068
손지오름,관광지,제주특별자치도 제주시 구좌읍 종달리 산 52,한라산의 축소판이라 해서 한라산의 손자라는 의미로 ‘손지오름’이라 불리는 오름 / ,126.8194209,33.45528416
지미봉,관광지,제주특별자치도 제주시 구좌읍 종달리 산 3-1,종달마을 입구 동쪽 방향에 위치한 오름으로 올레21코스에 자리해 관광객이 많은 찾는 곳 / ,126.9024383,33.49931485
동검은이오름,관광지,제주특별자치도 제주시 구좌읍 종달리 산 70 ,"일반적인 오름들처럼 둥글고 매끄러운 모습이 아니라 능선이 끊어질 듯 이어지며, 멀리서 보면 여러 개의 오름인 듯 보이는 모양을 하고 있음 / ",126.8036695,33.44894445
종달리해변,관광지,제주특별자치도 제주시 구좌읍 종달리 565-72,비교적 잘 알려지지 않아 조용한 해변 / ,126.909875,33.4963249
메이즈랜드,레저/테마,제주특별자치도 제주시 구좌읍 평대리 3322,"돌, 바람, 여자를 테마로 조성된 미로공원 / 11000원(성인개인)+9000원(성인단체+청소년개인)+8000원(어린이개인)+7000원(청소년단체)+6500원(어린이단체)+5000원(장애인개인)+3000원(장애인단체)",126.8008746,33.48825681
평대리해변,관광지,제주특별자치도 제주시 구좌읍 평대리 1994-20,"월정리해변과 세화해변 사이에 자리하고 있으며, 동쪽바다의 정취를 호젓하게 즐길 수 있는 곳 / ",126.8408627,33.53352542
비자림,관광지,제주특별자치도 제주시 구좌읍 평대리 산 15,"천연기념물 제374호. 구좌읍 평대리에서 서남쪽으로 6km 되는 지점에 448,165㎡ 면적에 500∼800년생 비자나무 2,570그루가 밀집하여 이룬 군락 / 3000원(성인개인)+2500원(성인단체)+1500원(청소년개인+어린이개인)+1000원(청소년단체+어린이단체)",126.8099865,33.49040792
문주란 자생지,관광지,제주특별자치도 제주시 구좌읍 하도리 산 85,토끼섬에 있는 우리나라 유일의 문주란 자생지로 천연기념물 19호 / ,126.9026747,33.5237462
하도리 철새도래지,체험/관람,제주특별자치도 제주시 구좌읍 하도리 53-2,월동하러 가는 철새들의 은신처 / ,126.8963179,33.51041988
하도해변,관광지,제주특별자치도 제주시 구좌읍 하도리 52-1,수심이 얕아 어린아이들도 물놀이 하기 좋은 동쪽의 작은 해변 / ,126.8992316,33.51305497
둔지봉,관광지,제주특별자치도 제주시 구좌읍 한동리 산 40,?‘둔지’는 제주 방언으로 ‘평지보다 조금 높은 곳’을 가리키는 말로 제주도를 한눈에 내려다볼 수 있음 / ,126.7954013,33.50274116
고내리 다락쉼터,관광지,제주특별자치도 제주시 애월읍 고내리 462,고내리 다락쉼터는 제주시 애월읍 고내리 해안가에 있는 조그마한 공원이자 쉼터 / 무료,126.3408735,33.47052109
고내리포구,관광지,제주특별자치도 제주시 애월읍 고내리 1156-4,제주올레 15코스의 시작점이기도 한 고내리포구의 앞바다에는 고깃배가 정박해 있어 소박한 제주 바다의 풍경을 만나볼 수 있으며 방파제에서는 낚시도 가능 / 무료,126.337548,33.46716299
문서프,레저/테마,제주특별자치도 제주시 애월읍 곽지리 1635,아름다운 에메랄드 빛 바다에서 여유롭게 즐기는 서핑 / 50000원(2시간풀강습)+70000원(3시간풀강습)+60000원(자유서핑패키지)+30000원(3시간보드렌탈)+50000원(종일보드렌탈)+10000원(슈트렌탈),126.308397,33.45006976
곽지해수욕장,관광지,제주특별자치도 제주시 애월읍 곽지리 1565,시원한 용천수를 뿜어내는 노천탕이 있는 곳 / 무료,126.3046716,33.45057861
구엄리돌염전,관광지,제주특별자치도 제주시 애월읍 구엄리 1254-1,구엄리의 포구를 지나면 만나는 구엄리 돌염전은 넓게 드러누운 현무암 위에 소금을 생산하던 장소 / 무료,126.3764913,33.48342901
갑자기 히어로즈 벽화길,관광지,제주특별자치도 제주시 애월읍 금성리 569,제주도 마을 곳곳의 민원을 해결해주는 취지의 프로그램인 갑자기 히어로즈에서 진행한 마을 꾸미기 프로젝트의 일화로 제주시 애월읍 금성리 마을 해안도로에 조성된 벽화 거리 / 무료,126.3001742,33.44744735
금성포구,관광지,제주특별자치도 제주시 애월읍 금성리 573-1,"애월읍 금성천 하구에 있는 오래된 포구로, 옛날 마한시대 이전부터 육지와 중국을 왕래하는 선박이 드나들었던 유래가 깊은 포구 / 무료",126.2982298,33.44683455
납읍난대림 금산공원,관광지,제주특별자치도 제주시 애월읍 납읍리 1457-1,자연림의 원형을 보존하고 있는 천연기념물로서 울창한 상록수림이 특징 / 무료,126.3301651,33.43367442
풋감마을 소길리 농어촌체험마을,체험/관람,제주특별자치도 제주시 애월읍 소길리 650-1,조용한 소길리에서 즐기는 풋감 천연염색체험 및 마을 탐방로 / 10000원,126.3798639,33.44005921
물뫼힐링팜,체험/관람,제주특별자치도 제주시 애월읍 수산리 357-6,"자연 및 농업과 함께 상생하며 다양한 치유 프로그램을 운영하고 있는 치유농장 / 가격은 프로그램, 시간에 따라 다름",126.3964706,33.46454046
중엄리새물,체험/관람,제주특별자치도 제주시 애월읍 신엄리 2719-3,제주 올레길 16코스로 애월해안로에 위치하고 있다. 주상절리와 어우러진 해안 절경이 뛰어난 곳 / 무료,126.369322,33.47835963
남두연대,문화/예술,제주특별자치도 제주시 애월읍 신엄리 2780-1,아름다운 주변에 둘러쌓인 해안 절벽 위에 세워진 연대 / 무료,126.3584369,33.47908138
신엄포구,관광지,제주특별자치도 제주시 애월읍 신엄리 2841-13,애월해안도로와 올레길 16코스 내에 위치한 포구 / 무료,126.352213,33.4735454
애월연대,문화/예술,제주특별자치도 제주시 애월읍 애월리 1975,횃불과 연기를 이용하여 정치·군사적으로 급한 소식을 전하던 통신수단 애월 연대 / 무료,126.313004,33.465656
한담해변,관광지,제주특별자치도 제주시 애월읍 애월리,해안길을 따라 산책할 수 있는 제주의 숨은 비경 / 무료,126.310043,33.46223681
제주빅볼랜드,체험/관람,제주특별자치도 제주시 애월읍 어음리 산3,커다란 공안에 들어가 언덕을 굴러 내려오는 레포츠 / 35000원(성인+빅조브)+30000원(조브),126.3768643,33.38900799
아르떼뮤지엄 제주,문화/예술,제주특별자치도 제주시 애월읍 어음리 1503,국내최대몰입형 미디어아트전시관 / 17000원(성인)+ 13000원(청소년)+10000원(어린이),126.345002,33.39669863
큰바리메,관광지,제주특별자치도 제주시 애월읍 어음리 산 21,오름의 모양이 바리를 닮은 기생화산 / 무료,126.388043,33.37710974
빌레못동굴,관광지,제주특별자치도 제주시 애월읍 어음리 1391 ,"천연기념물 제342호이며 총 길이 11,749m의 세계에서 가장 긴 동굴이며 출입금지장소 / ",126.3504243,33.40441053
제주안전체험관,체험/관람,제주특별자치도 제주시 애월읍 어음리 41-4,쉽게 재난을 경험하고 극복하는 방법을 배울 수 있도록 다양한 안전체험 프로그램을 갖추고 있음 / 무료,126.373405,33.39419821
9.81파크,레저/테마,제주특별자치도 제주시 애월읍 어음리 산131,한라산과 비양도를 품은 푸른 바다를 마주하는 실외 공간과 감각적인 실내 공간을 모두 경험할 수 있는 테마파크 / 어트랙션마다 요금 상이,126.3667693,33.39029938
렛츠런파크 제주,레저/테마,제주특별자치도 제주시 애월읍 유수암리 1206,천연기념물 제347호인 ‘제주마’의 보호 및 육성을 위해 1990년 개장된 테마공원 / 2000원(성인+장애인)(금요일+토요일+일요일)+무료(수요일+목요일),126.3977283,33.40824654
제주승마공원,레저/테마,제주특별자치도 제주시 애월읍 유수암리 1175,국내최대 외승 트래킹 국내 최초 야외 야간 승마 및 전문 승마체험 및 회원제 승마장 / 66000원(곶자왈B)+44000원(곶자왈A),126.4062374,33.40581267
큰노꼬메오름,관광지,제주특별자치도 제주시 애월읍 유수암리 산138,멋지고 시원한 전망과 바람에 일렁이는 억새를 만날 수 있는 곳 / 무료,126.4114027,33.38907202
족은노꼬메오름,관광지,제주특별자치도 제주시 애월읍 유수암리 산138,큰노꼬메오름의 형제인 족은노꼬메오름 / 무료,126.4170735,33.39288551
금덕무환자나무및팽나무군락,관광지,제주특별자치도 제주시 애월읍 유수암리 1920,제주특별자치도 시도기념물 제6호인 제주시 유수암리에 있는 무환자나무와 팽나무로 이루어진 군락 / 무료,126.4006584,33.44178657
유수암마을,체험/관람,제주특별자치도 제주시 애월읍 유수암리 1892-1,마을 주민들과 함께하는 농촌체험을 비롯한 전통음식문화체험 등 다양한 체험 가능함 / ,126.40278,33.44133474
제주불빛정원,레저/테마,제주특별자치도 제주시 애월읍 유수암리 1083,자연과 휴식이 있는 매력적인 야경의 별이 빛나는 밤 아름다운 추억 테마파크 / 12000원(성인)+10000원(청소년)+8000원(어린이),126.4091868,33.42230345
장전리 왕벚꽃축제길,문화/예술,제주특별자치도 제주시 애월읍 장전리 1167-4,봄 벚꽃소식과 함께 축제의 장이 열리는 곳 / 무료,126.3838247,33.45213548
육시우영 ,관광지,제주특별자치도 제주시 애월읍 하가리 1386-1,4.3사건 당시 하가리 주민들을 공개적으로 집단학살한 곳(현재 개인소유지) / ,126.3488858,33.45714782
연화지,관광지,제주특별자치도 제주시 애월읍 하가리 1569-2,제주 서부의 숨은 비경 연화못 / 무료,126.3473594,33.45486103
영모원,관광지,제주특별자치도 제주시 애월읍 하귀1리 1134-1,4.3희생자의 신위를 한 곳에 모심으로써 화해와 상생의 표본이 된 곳 / 무료,126.4173323,33.47201754
산호해수욕장,관광지,제주특별자치도 제주시 우도면 연평리,동양에서 유일하게 백사장이 홍조단괴(紅藻團塊)로 이루어진 해수욕장 / ,126.943225,33.502478
하고수동해수욕장,관광지,제주특별자치도 제주시 우도면 연평리,밀가루를 밟는 듯한 부드러운 모래와 얕은 수심으로 가족단위로 수영을 즐기기에 좋음 / ,126.958237,33.514439
검멀레해수욕장,관광지,제주특별자치도 제주시 우도면 연평리,총 길이 약 100m의 비교적 작은 규모의 해수욕장이지만 모래찜질을 즐기기에는 최적의 조건을 갖춘 곳 / ,126.967151,33.497336
우도등대공원,관광지,제주특별자치도 제주시 우도면 연평리 337,우도봉정상에 위치한 공원 / ,126.965,33.49294
우도정원,레저/테마,제주특별자치도 제주시 우도면 연평리 1964,제주 우도의 이국적인 정원 / 4000원(입장료),126.947017,33.501916
우도봉(쇠머리오름),관광지,제주특별자치도 제주시 우도면 연평리 산17,"소가 머리를 들고 누워있는 형태를 띠고 있는데, 머리에 해당하는 부분을 쇠머리오름이라 함 / ",126.963586,33.492092
훈데르트바서파크,레저/테마,제주특별자치도 제주시 우도면 연평리 1706-1,색채마술사 훈데르트바서의 작품과 우도의 신비한 아름다움을 담은 테마파크 / 5000원(입장권+전이수전展)+6000원(소원체험팩)+8000원(훈데르트바서展)+10000원(패키지권)+15000원(자유이용권),126.9565077,33.49275715
제주돌문화공원,문화/예술,제주특별자치도 제주시 조천읍 교래리 산95,제주 특유의 돌문화를 집대성하여 조성한 공원 / 5000원(성인)+4000원(성인단체+청소년+군인)+무료(어린이),126.6590593,33.44820966
바농오름,관광지,제주특별자치도 제주시 조천읍 교래리 산 108,비고 142m의 복합형 화구를 지닌 화산체 / 무료,126.6538018,33.45377549
큰지그리오름,관광지,제주특별자치도 제주시 조천읍 교래리 산 119,산정부에 원형의 화구와 오름 서쪽 능선에 북동쪽으로 벌어진 말굽형 화구를 동시에 지닌 복합 화산체 / 무료,126.6452717,33.44378693
물찻오름,관광지,제주특별자치도 제주시 조천읍 교래리 산 137-1,"물찻오름은 2008년부터 입산을 통제하고 있는데,1년에 사려니숲길 에코힐링체험 행사 때만 개방하는 오름 / 무료",126.6528711,33.39484878
방애오름,관광지,제주특별자치도 제주시 조천읍 교래리 산 45,백록담과 한라산 정상 서벽이 위치한 방애오름은 분화구 주변에 오름인 알오름 2개가 형성된 복합형의 이중화산 / 무료,126.6845203,33.44392229
돔배오름,관광지,제주특별자치도 제주시 조천읍 교래리 산 64,비고 36m. 원형 화구를 가진 화산체. 돔배는 제주 방언으로 도마를 말하는데 오름 모양새가 도마의 모양과 닮아 명칭 / 무료,126.6692411,33.42785414
늡서리,관광지,제주특별자치도 제주시 조천읍 교래리 산 95,비고 59m. 말굽형(북동향)형태의 오름으로 분화구 외부 경사진 곳에 자연림이 무성하게 숲을 이루고 있음 / 무료,126.6629373,33.44177828
까끄래기오름,관광지,제주특별자치도 제주시 교래리 128,50미터 정도의 완만한 경사로 비교적 낮은 오름에 속하는 까끄래기오름은 조릿대와 억새가 군락을 이루고 있어 아름다운 경치를 감상할 수 있음 / 무료,126.7031502,33.43164668
말찻오름,관광지,제주특별자치도 제주시 조천읍 교래리 산 137-1,말찻오름은 물찻오름의 북동쪽 등성이와 맞닿아 이웃해 있는 오름 / 무료,126.6542458,33.40056659
부소악,관광지,제주특별자치도 제주시 조천읍 교래리 산2,화구방향이 부대악과는 반대방향인 서남쪽으로 얕고 우묵하게 벌어진 말굽형 화구를 이루고 있는 모습이 부대악과는 대조적인 형태를 보여줌 / 무료,126.7177551,33.44219241
족은지그리오름,관광지,제주특별자치도 제주시 조천읍 교래리 산 119,"족은지그리는 큰지그리와 등을 맞대고 초승달모양의 말굽형 분화구가 화구방향을 달리하고 있으며, 큰지그리와의 접촉부인 한구석에는 자그마한 동산이 탐스럽게 솟아있음 / 무료",126.6459915,33.45027603
렛츠런팜 제주목장,관광지,제주특별자치도 제주시 조천읍 교래리 산25-2,"제주 렛츠런팜은 국내 경주마를 육성하고 관리하는 목장으로 200만㎡가 넘는 면적에 마사와 교배소, 동물병원, 조교용 주로 등을 갖춤 / 3000원(트렉터 마차 요금)",126.681477,33.41844406
산굼부리,관광지,제주특별자치도 제주시 조천읍 교래리 342-2,"한라산의 기생화산 분화구인 함몰형 측화산으로, 자연의 경치가 빼어난 억새 군락지 중 한 곳 / 6000원(성인)+5000원(성인단체)+4000원(청소년+어린이+경로+국가유공자+장애인)+2500원(청소년단체+어린이단체)",126.6938307,33.43257522
제주센트럴파크,레저/테마,제주특별자치도 제주시 조천읍 교래리 산56-4,국내 최초 세계 미니어처 박물관으로 각 나라의 우수한 건축물을 전시함 / 7000원(성인)+5000원(청소년)+4000원(어린이),126.6744057,33.43345102
제주에코랜드,레저/테마,제주특별자치도 제주시 조천읍 교래리 385-1,30만평의 곶자왈 원시림을 기차로 체험하는 테마파크 / 14000원(성인)+12000원(청소년)+10000원(어린이),126.6702819,33.44833468
매드벤처,레저/테마,제주특별자치도 제주시 조천읍 교래리 786-29,"4차산업혁명 기술인 드론을 이용해 드론축구체험, 드론배우기, 드론 비행을 경험할 수 있는 관광 테마파크 / 15000원(실내드론체험30분)",126.657703,33.45398972
교래자연휴양림,관광지,제주특별자치도 제주시 조천읍 교래리 119,전국에서 유일한 곶자왈 생태체험 휴양림 / 1000원(성인)+800원(성인단체)+600원(청소년+군인)+500원(청소년단체+군인단체),126.6649941,33.44035706
새미오름,관광지,제주특별자치도 제주시 조천읍 대흘리 산27-1,산등성이는 남에서 북으로 곧게 뻗어 있고 서쪽으로 완만하고 평평한 등성마루를 이루면서 남서쪽으로 완만하게 벌어져 말굽형 화구를 이룸 / 무료,126.669422,33.47404839
꾀꼬리오름,관광지,제주특별자치도 제주시 조천읍 대흘리 산33,"자연미를 느낄 수 있으며, 적당한 기슭을 통하여 오를 수 있고 경사는 다소 가파른 편에 속하는 오름 / 무료",126.6790997,33.46115159
제원하늘농원,체험/관람,제주특별자치도 제주시 조천읍 대흘리 852-1,"노지감귤과 만감류를 생산하는 농원으로, 귀농귀촌 및 다문화교육을 진행하고 있는 체험형 관광농원 / 프로그램별 요금 상이",126.6665037,33.50320283
북촌포구,관광지,제주특별자치도 제주시 조천읍 북촌리 588,"다려도를 한눈에 볼 수 있고, 마을 충어제를 지내는 신당을 볼 수 있는 곳 / 무료",126.6941756,33.55019438
부영농원,체험/관람,제주특별자치도 제주시 조천읍 선흘리 3474,"노지감귤, 단호박, 콜라비, 홍용과 등을 재배하며, 관광객에게 체험도 제공하는 관광농원 / ",126.6912733,33.51925122
귤의정원바령,체험/관람,제주특별자치도 제주시 조천읍 선흘리 1396,"귤밭피크닉, 풋귤따기 체험 등이 가능한 관광농원 / ",126.7062006,33.50520118
동백동산,관광지,제주특별자치도 제주시 조천읍 선흘리 924,1981년 8월 26일 제주특별자치도 기념물 제10호로 지정된 선흘리 동쪽에 있는 넓은 면적의 상록활 엽수 천연림 / 무료,126.7160356,33.51644
선녀와나무꾼,레저/테마,제주특별자치도 제주시 조천읍 선흘리 1997,"어렸을 적 그리운 추억들을 떠올리며, 그 시절 추억을 또다시 느낄 수 있는 테마파크 / 13000원(성인)+11000원(군경+경로+장애인+유공자+청소년)+10000원(어린이+성인단체)+9000원(군경단체+경로단체+장애인단체+유공자단체)+8000원(청소년단체+어린이단체)",126.7037964,33.47878757
캐릭파크,레저/테마,제주특별자치도 제주시 조천읍 선흘리 266,"캐릭터 전시장으로 세계의 유명한 캐릭터를 관람하고, 첨단장비가 탑재된 기구를 통해 과학적 원리를 깨우치는 놀이를 체험할 수 있음 / 11000원(성인+어린이)+8000원(제주도민)+6000원(장애인+경로+유공자+군경)",126.7005404,33.47960359
포레스트 사파리,레저/테마,제주특별자치도 제주시 조천읍 선흘리 1817,"동물과 함께 사진을 찍을 수 있는 포토존&힐링존, 다양한 즐거움이 가득한 공룡라이더, 여러 동물들을 만져보고 직접 먹이주기, 동물페인팅까지 체험가능한 테마파크 / 10000원(성인)+11000원(어린이)",126.7095498,33.4630558
김택화미술관,체험/관람,제주특별자치도 제주시 조천읍 신흥리 227-5,일평생 제주의 풍경을 고집스레 그렸던 화가 김택화의 예술세계와 삶의 여정을 담아낸 공간 / 4500원(성인)+3000원(청소년+군인)+1500원(어린이+어르신)+무료(7세이하+장애인+국가유공자),126.6531558,33.54375033
신흥해수욕장,관광지,제주특별자치도 제주시 조천읍 신흥리 731-3,조천읍 신흥리에 위치한 물놀이가 가능한 해수욕장 / ,126.6487331,33.55177667
새미동산,체험/관람,제주특별자치도 제주시 조천읍 와흘리 2160-3,4계절 꽃테마 재배공원으로 감귤체험 및 알파카 목장체험을 할 수 있는 관광농원 / 프로그램별 요금 상이,126.623363,33.49513275
제주레포츠랜드,레저/테마,제주특별자치도 제주시 조천읍 와흘리 870,국제경기 유치 가능 카트 체험장 / 프로그램별 요금 상이,126.6387503,33.48206142
서프라이즈테마파크,레저/테마,제주특별자치도 제주시 조천읍 와흘리 2988,폐자원을 재활용하여 예술로 승화시킨 정크 아트 작품을 볼 수 있는 전시장 / 13000원(성인)+11000원(청소년)+10000원(어린이+경로+군인+장애인+국가유공자),126.6596222,33.46518842
제주항일기념관,문화/예술,제주특별자치도 제주시 조천읍 조천리 1156,"제주인의 독립의지를 고스란히 담고 있으며, 제주인의 독립에 대한 발자취를  한자리에서 이해할 수 있도록 구성된 전시관 / 무료",126.6428996,33.54160469
서우봉,관광지,제주특별자치도 제주시 조천읍 함덕리 169-3,"서우봉은 봄철에 노란 유채꽃이 만개하는 곳이며, 정상에서는 함덕해변을 한 눈에 조망할 수 있음 / 무료",126.677505,33.54575
함덕해수욕장,관광지,제주특별자치도 제주시 조천읍 함덕리 1004-10,눈부신 모래밭과 맑은 에메랄드 빛의 바다. ‘한국의 몰디브’라는 별칭이 있음 / 무료,126.6692443,33.54306068
모진이 몽돌해안,관광지,제주특별자치도 제주시 추자면 신양리 56,모래없이 몽돌(동글동글한 돌)로만 이루어진 해수욕장 / 무료,126.3343695,33.94571386
섬생이,관광지,제주특별자치도 제주시 추자면 신양리 산 87,"풍경이 아름다운 무인도로, 낚시하기 좋은 이상적인 장소 / 무료",126.311403,33.93988321
돈대산,관광지,제주특별자치도 제주시 추자면 예초리 산 67-1,"신양항과 해안마을 전경을 한눈에 볼 수 있는 산으로, 산 중턱에 총 길이 2km의 산책로가 조성되어 있음 / 무료",126.3229808,33.94821882
신대산 전망대,관광지,제주특별자치도 제주시 추자면 예초리 산 7,바다가 한눈에 보이는 전망대 / 무료,126.3411721,33.95466645
고산리유적안내센터,문화/예술,제주특별자치도 제주시 한경면 고산리 3650-1,"우리나라에서 가장 오래된 신석기유적, 동시에 후기 구석기시대 석기가 출토되어 한국에서 확인된 바 없는 유물조합상을 띠고 있음, 이 양상은 시베리아, 만주, 일본, 한반도 지역을 포함하는 동북아시아의 초기 신석기 문화연구에 좋은 자료로서 중요한 유적으로 평가되어 국가사적 412호로 지정되었음, 우리나라 가장 오래된 신석기문화를 간직한 제주 고산리 유적을 널리 알리고 살아있는 선사시대 교육장으로 활용하고자 제주 고산리 유적 안내센터를 2018년 07월부터 운영을 시작함, / 무료",126.1661833,33.30414244
차귀도,관광지,제주특별자치도 제주시 한경면 고산리 125,해안절벽과 기암괴석이 절경을 이루는 제주 최대의 무인도로 천연기념물 제422호로 지정 / 무료,126.1478169,33.31110548
수월봉,관광지,제주특별자치도 제주시 한경면 고산리 3760,차귀도로 떨어지는 낙조를 즐길 수 있는 천연기념물 제 513호 / 무료,126.1631082,33.29475532
엉알해안,관광지,제주특별자치도 제주시 한경면 고산리 3653-3,"엉알해안은 해안절벽이 퇴적층으로 이루어져 있으며 낙조가 아름다운 곳, 유네스코에서 등재한 세계지질공원으로서 올레 12코스에 해당 / 무료",126.167514,33.2994146
낙천아홉굿마을 의자공원,관광지,제주특별자치도 제주시 한경면 낙천리 1913,2007년에 시작하여 2년에 걸쳐 주민들 손으로 1천개의 의자를 제작하고 조형물을 설치한 개방형 마을공원 / 무료,126.226761,33.327613
신창리포구,관광지,제주특별자치도 제주시 한경면 신창리,바다마을의 매력을 느낄 수 있는 포구 / 무료,126.1802941,33.34834788
성김대건신부제주표착기념관(용수성지),문화/예술,제주특별자치도 제주시 한경면 용수리 4266,용수리의 천주교 성지로 천주교를 널리 알리고자 했던 김대건 신부의 의지를 담아 기념할 수 있게 만든 곳 / 무료,126.1676909,33.32288428
당산봉,관광지,제주특별자치도 제주시 한경면 용수리 4705,올레 12코스의 끝자락에 있는 세계지질공원의 명소 / 무료,126.1729521,33.30793943
당산봉 알봉,관광지,제주특별자치도 제주시 한경면 용수리 2705,올레 13코스의 끝자락에 있는 세계지질공원의 명소 / 무료,126.1706467,33.31156651
용수항(용수리포구),관광지,제주특별자치도 제주시 한경면 용수리 4274-1,"한경면 용수리에 위치한 용수항은 어촌마을에서 흔히 볼 수 있는 소규모 어항, 20척 미만의 어선이 정박하며, 용수리포구 또는 용수포구로 불리기도 한다, 제주올레 12코스의 종착지이자 제주올레 13코스의 출발점인 지점 / 무료",126.166382,33.32331052
방림원,관광지,제주특별자치도 제주시 한경면 저지리 2120-91,국내최초 세계 야생화 작품 전시 박물관 / 8000원(성인)+6000원(청소년+어린이+경로+장애인),126.26852,33.33711053
생각하는 정원,관광지,제주특별자치도 제주시 한경면 저지리 1534,국가지정 민간정원으로 대한민국 대표정원으로 다양한 체험프로그램이 있음 / 12000원(성인)+10000원(청소년+경로)+7000원(어린이),126.255015,33.32550557
환상숲곶자왈공원,관광지,제주특별자치도 제주시 한경면 저지리 2848-2,제주의 천연 원시림으로 용암이 남긴 신비한 지형 위에서 다양한 동식물들이 함께 살아가는 독특한 생태계가 유지되는 보존 가치가 높은 지역 / 5000원(성인)+4000원(어린이+장애+국가유공자+도보여행자)+3000원(제주도민)+12000원(족욕체험),126.2630437,33.32287346
저지 예술인마을,문화/예술,제주특별자치도 제주시 한경면 저지리 2120-116,독특한 풍광과 전국 예술인들이 모여 형성된 문화예술인촌 / 무료,126.2670446,33.33949783
제주현대미술관,문화/예술,제주특별자치도 제주시 한경면 저지리 2114-63,저지문화예술마을에 자리한 현대미술관 / 2000원(성인)+1000원(청소년+군인)+500원(어린이)+무료(6세이하+경로+장애인),126.265609,33.33968319
갤러리데이지,문화/예술,제주특별자치도 제주시 한경면 저지리 2120-12,"갤러리는 자연과 어우러지는 독창적이고 예술적인 건축물로 많은 이들로부터 관심과 사랑을 받고 있으며, 국내외 현대미술 작가의 소장할 가치가 있는 작품들을 선보이는 곳 / ",126.2675417,33.3378576
가메창오름,관광지,제주특별자치도 제주시 한경면 저지리 1496,"오름의 분화구 모양이 솥 바닥을 닮은 데에서 명칭이 유래했으며 암메 혹은 가마오름이라고 부름, 기슭 일대에 인공적으로 심은 소나무가 우거져 있고, 분화구 주변에는 오래된 소나무가 군락을 이룸 / 무료",126.248594,33.32973146
마오름,관광지,제주특별자치도 제주시 한경면 저지리 산55-2,"명칭은 모두 오름의 형상이 말과 닮은 데에서 유래하여 마악(馬岳) 또는 마봉(馬峰)이라고도 부름, 오름 전체가 고운 풀밭으로 덮여 있으며 해송이 듬성듬성 자람, 오름 곳곳에 많은 묘가 자리 잡고 있으며 분화구 부근에 과수원이 있음 / 무료",126.243598,33.33800485
마중오름,관광지,제주특별자치도 제주시 한경면 저지리 2143-18,"마중 오름은 예로부터 머종 오름 또는 머종이 오름으로 부르다가, 머중 오름, 마중 오름 등으로 소리가 변하여 전하고 있음, 마중 오름 북동쪽에는 골프장이 들어서 있으며, 서북쪽에는 저지리 예술인 마을이 들어서 있음 / 무료",126.270717,33.33448853
저지오름,관광지,제주특별자치도 제주시 한경면 저지리 산51,"닥몰오름, 새오름, 저지악(楮旨岳) 등 여러 별칭으로 불리는 저지오름은 비교적 가파른 깔때기형 산상 분화구를 갖고 있는 화산체, 산상의 분화구를 중심으로 어느 쪽 사면이나 경사와 거리가 비슷한 둥근 산체를 이루고 있음, 오름 각 사면에는 해송이 주종을 이루며 잡목과 함께 울창한 숲을 이루고 있음 / 무료",126.2509689,33.33271206
문화예술 공공수장고,문화/예술,제주특별자치도 제주시 한경면 저지리 2114-1,제주 미디어아트 전시관 / 2000원(성인)+1000원(청소년+군인)+500원(어린이)+무료(6세이하+경로+장애인),126.2645703,33.33722583
유리의 성,문화/예술,제주특별자치도 제주시 한경면 저지리 3135-1,국내 최대규모의 유리조형예술체험 테마파크 / 11000원(성인)+9000원(장애인+경로+청소년)+8000원(어린이),126.2737277,33.3146732
수호농원,체험/관람,제주특별자치도 제주시 한경면 조수리 326-2,"키위 수확체험, 농산물 강좌, 꿈다락 공유센터를 운영함 / ",126.2319977,33.33643926
송아오름,관광지,제주특별자치도 제주시 한경면 조수리 134,오름 일대에 소나무가 많이 자라고 있음에 연유하여 송아오름이라 불리는 오름 / ,126.2385732,33.3356052
산양곶자왈,관광지,제주특별자치도 제주시 한경면 청수리 산 6,곶자왈을 온몸으로 느낄 수 있는 공간 / 6000원(성인)+5000원(청소년+어린이),126.2519525,33.29646688
제주평화박물관,문화/예술,제주특별자치도 제주시 한경면청수리 847,"일제강점기와 태평양 전쟁 당시의 제주와 전쟁역사를 보관, 전시하고 있는 곳 / ",126.2492621,33.30566729
청수곶자왈,관광지,제주특별자치도 제주시 한경면 청수리 산 4,제주도내 최대 운문산 반딧불이 서식지 / ,126.2619706,33.30110693
가마오름,관광지,제주특별자치도 제주시 한경면 청수리 1202-1,오름의 모양새가 가마를 엎어 놓은 것과 비슷하다 하여 가마오름이라 불리는 오름 / ,126.2470112,33.30552294
판포오름,관광지,제주특별자치도 제주시 한경면 판포리 935-1,소가 누워있는 모양새의 오름 / ,126.2135219,33.35806781
비체올린,체험/관람,제주특별자치도 제주시 한경면 판포리 725-1,카약타고 캠핑하고 상상 그 이상의 즐거움이 가득한 국내최초 힐링카약파크 / 14000원(성인개인)+13000원(성인단체+성인도민개인+청소년개인)+12000원(청소년단체+어린이개인+경로개인+장애인개인+국가유공자개인+성인도민단체+청소년도민개인)+11000원(어린이단체+경로단체+장애인단체+국가유공자단체+청소년도민단체+어린이도민개인+경로도민개인+장애인도민개인+국가유공자도민개인)+10000원(어린이도민단체+경로도민단체+장애인도민단체+국가유공자도민단체),126.2185758,33.34946922
싱계물 공원,관광지,제주특별자치도 제주시 한경면 신창리 1322-1,제주 숨은 비경 중 하나로 주변 해안풍력발전소와 함께 이국적인 풍경을 볼 수 있는 공원 / 무료,126.1738465,33.34350419
벌내물 공원,관광지,제주특별자치도 제주시 한경면 신창리 1321-1,희귀식물 자생지로 자연생태계를 둘러 볼 수 있도록 탐방로와 관광객들이 잠시 쉬고 갈 수 있도록 정자도 마련되어 있음 / 무료,126.174844,33.34298429
신창풍차해안,관광지,제주특별자치도 제주시 한경면 신창리 1323,제주시 숨은 비경 31곳 중 하나로 풍차6기의 장관을 볼 수 있음 / 무료,126.1765471,33.34535043
영등할망신화공원,관광지,제주특별자치도 제주시 한림읍 귀덕리 1030-8,영등할망을 비롯한 다양한 스토리를 지닌 석상을 마주할 수 있는 공간임 / ,126.2926689,33.44361359
귀덕연대,문화/예술,제주특별자치도 제주시 한림읍 귀덕리 1118,"귀덕초등학교 북쪽에 위치하며, 횃불과 연기를 이용하여 정치·군사적으로 급한 소식을 전하던 통신수단을 말함 / ",126.2932499,33.44258234
이랜드뮤지엄,문화/예술,제주특별자치도 제주시 한림읍 귀덕리 3861,"헐리우드 영화와 관련된 세계 최고, 최대의 컬렉션을 바탕으로, 영화의 제작 과정과 배우, 감독, 시상식에 관련한 진품들을 소유하고 있는 박물관 / 3000원",126.2743892,33.43585803
배령연대,문화/예술,제주특별자치도 제주시 한림읍 금능리 1603,제주특별자치도 제주시 한림읍 금능리에 있는 조선 시대 명월진 소속의 연대 / 무료,126.2234075,33.38845501
금능석물원,레저/테마,제주특별자치도 제주시 한림읍 금능리 1282-9,똑같이 생긴 하르방만 본 여행객들에게 제주 석물의 진수를 감상할 수 있게 하는 곳 / 4000원(성인)+3000원(청소년)+무료(어린이),126.2268329,33.38485201
금능포구,관광지,제주특별자치도 제주시 한림읍 금능리 1494-12,에메랄드 빛 바다 위 평화로운 포구 / 무료,126.2281284,33.38965652
금능해수욕장,관광지,제주특별자치도 제주시 한림읍 금능리 2036-2,"전통어로 체험이 가능한 은빛 해수욕장 , 바닥이 훤히 비치는 투명한 물빛과 바닷물이 찰박거리는 얕은 수심, 물놀이 후 따뜻하게 즐기는 온수 샤워까지 아이들과 다녀오기에 최적의 조건을 갖춘 해수욕장 / 무료",126.2358922,33.39043486
탐나라공화국(제주남이섬),체험/관람,제주특별자치도 제주시 한림읍 금악리 81-8,남이섬 신화의 주인공 강우현 대표의 또 다른 상상나라 / 10000원(성인당일비자+어린이1년여권)+20000원(성인1년여권)+5000원(어린이당일비자),126.3256942,33.33451741
금오름(왕매),관광지,제주특별자치도 제주시 한림읍 금악리 산1-1,비교적 평탄한 지형에 오롯이 서있는 모습이 꽤나 고매하게 느껴지는 오름 / 무료,126.3057906,33.35456304
성클라라수도원 금악성당,관광지,제주특별자치도 제주시 한림읍 금악리 373,성클라라수도원에 부속된 성당 / 무료,126.3192642,33.34852479
성이시돌목장,체험/관람,제주특별자치도 제주시 한림읍 금악리 116,선교사로 온 맥그린치 신부가 개간한 곳으로 테쉬폰이라는 독특한 건축물을 볼 수 있는 곳 / 무료,126.321611,33.345978
명월팽나무군락,관광지,제주특별자치도 제주시 한림읍 명월리 1767-1,"생물학적 가치가 높아 기념물로 지정하여 보호되는 곳, 제주시 한림읍 명월리 · 제주도기념물 제19호 / 무료",126.2666354,33.38700045
명월성지,관광지,제주특별자치도 제주시 한림읍 명월리 2237-5,제주특별자치도 제주시 한림읍 명월리에 있는 조선시대의 성터 / 무료,126.2628605,33.399402
프랑스샤르망,문화/예술,제주특별자치도 제주시 한림읍 명월리 384,"프랑스 미술품, 골동품 등을 무료로 만날 수 있는 창고형 미술관 / 무료",126.2810824,33.3746227
비양도,관광지,제주특별자치도 제주시 한림읍 협재리 산 100-1,천 년의 시간을 간직한 섬 / 4500원(성인)+4000원(성인도민)+2500원(어린이+어린이도민)+2250원(국가유공자+장애인)+무료(비양도주민),126.2269778,33.4094482
새시물,관광지,제주특별자치도 제주시 한림읍 상명리 2361,상명리 주민들의 식수로 쓰였던 마을 샘터 / 무료,126.2700627,33.36141089
느지리오름,관광지,제주특별자치도 제주시 한림읍 상명리 산 5,"상명리의 옛 이름인 느지리에서 유래했다 높이 225m, 둘레 2,609m, 총면적 33만 2844㎡ 규모의 기생 화산 / 무료",126.2615984,33.36655853
테우마을 수원리 농어촌체험마을,체험/관람,제주특별자치도 제주시 한림읍 수원리 724-2,쪽빛 바다와 푸른 작물을 품에 안은 마을 / 12000원(테우낚시체험성인)+10000원(테우낚시체험학생)+80000원(스쿠버다이빙체험),126.2643903,33.4254602
대수포구,관광지,제주특별자치도 제주시 한림읍 수원리 724-5,비양도가 보이는 작고 아담한 포구 / 무료,126.2635197,33.42542122
진아영 할머니 집터,문화/예술,제주특별자치도 제주시 한림읍 월령리 381,총탄에 턱을 맞고 쓰러진 뒤 무명천으로 턱을 가린 채 후유증으로 삶을 살아가셨던 진아영 할머니의 집터 / 무료,126.2146182,33.37596454
월령선인장자생지,관광지,제주특별자치도 제주시 한림읍 월령리 359-4,이국적인 분위기를 풍기는 선인장 군락지 / 무료,126.2154392,33.3778766
월령포구,관광지,제주특별자치도 제주시 한림읍 월령리 317-1,"올레길, 선인장, 바다, 풍력발전기까지 한눈에 담을 수 있는 항구 / 무료",126.2162792,33.37857162
제주도립김창열미술관,문화/예술,제주특별자치도 제주시 한림읍 월림리 115-23,작가 김창열 화백의 정신을 기리기 위한 도립미술관 / 2000원(성인)+1000원(청소년+군인)+500원(어린이)+무료(6세이하+65세이상),126.2686675,33.33906111
제주카트클럽,레저/테마,제주특별자치도 제주시 한림읍 월림리 341-2,남녀노소 누구나 스피드를 즐길 수 있는 카트체험장 / 25000원(1인용)+35000원(2인용),126.2559996,33.34771558
더마파크,레저/테마,제주특별자치도 제주시 한림읍 월림리 산 8,말전문 테마공원으로 기마공연과 함께 고품격승마등 볼거리와 즐길 거리가 함께 있는 체험형 테마공원 / 20000원(공연관람성인)+18000원(공연관람청소년)+15000원(공연관람어린이)+12000원(승마A코스)+25000원(카트체험1인승)+35000원(카트체험2인승),126.2443234,33.35413655
협재굴,관광지,제주특별자치도 제주시 한림읍 협재리 2600,천연기념물 236호로 세계 제3대 불가사의 동굴로 꼽히는 용암동굴 / 12000원(성인개인)+10000원(경로개인+성인단체+성인도민)+9000원(경로단체+경로도민)+8000원(청소년개인)+7000원(청소년단체+어린이개인)+6000원(청소년도민+어린이단체)+5500원(어린이도민),126.2401674,33.38700576
쌍용굴,관광지,제주특별자치도 제주시 한림읍 협재리 2600,한림공원 내에 위치한 두 마리의 용이 빠져 나온 것 같다고 하여 이름 붙여진 쌍용굴 / 12000원(성인개인)+10000원(경로개인+성인단체+성인도민)+9000원(경로단체+경로도민)+8000원(청소년개인)+7000원(청소년단체+어린이개인)+6000원(청소년도민+어린이단체)+5500원(어린이도민),126.2408708,33.38645108
황금굴,관광지,제주특별자치도 제주시 한림읍 협재리 2600,원형보존이 잘 되어 있고 희귀한 용암굴 / 12000원(성인개인)+10000원(경로개인+성인단체+성인도민)+9000원(경로단체+경로도민)+8000원(청소년개인)+7000원(청소년단체+어린이개인)+6000원(청소년도민+어린이단체)+5500원(어린이도민),126.2416205,33.38675319
한림공원,레저/테마,제주특별자치도 제주시 한림읍 협재리 2487,10만 평 대지 위에 펼쳐지는 환상적인 10가지 테마파크 / 12000원(성인개인)+10000원(경로개인+성인단체+성인도민)+9000원(경로단체+경로도민)+8000원(청소년개인)+7000원(청소년단체+어린이개인)+6000원(청소년도민+어린이단체)+5500원(어린이도민),126.2402387,33.38900322
협재포구,관광지,제주특별자치도 제주시 한림읍 협재리 1458-2,비양도가 보이는 포구 / ,126.2438806,33.39910072
협재해수욕장,관광지,제주특별자치도 제주시 한림읍 협재리 2447,"비양도, 은모래, 바다가 그려낸 그림같이 아름다운 해변 / ",126.2391598,33.39379081
금능원담축제,문화/예술,제주특별자치도 제주시 한림읍 금능리 2036-2,오늘날 사라져가는 원담을 널리 알리고 보존하기 위한 축제 / 무료,126.2358922,33.39043486
힐하우스 스파,레저/테마,제주특별자치도 제주시 한림읍 금악리 84-1,더힐하우스스파는 블랙스톤 골프호텔 단지 내에 위치하고 있으며 편안한 분위기와 현대식 시설을 갖춘 전문 스파 / 187000원(골퍼스핸디캡)+236000원(아로마틱스파80분+스톤에너지80분)+256000원(바디에센셜80분+림파틱80분)+420000원(디톡스랩120분+안티셀룰라이트랩),126.3123479,33.33596344
SOS박물관,관광지,서귀포시 법환동 월드컵로 31,박물관 / 반려동물추가요금 없음,126.5077158,33.2468182
감귤박물관,관광지,서귀포시 신효동 효돈순환로 441,박물관 / 반려동물추가요금 없음,126.6073584,33.2709921
개미남,기타,제주시 구산로 26 1층 101호,"100%예약제, 주차가능 / ",126.5379882,33.4830332
개인공간,기타,제주시 매촌1길 3-1 1층,"소형견, 중형견, 특수견 모두 미용 가능 / ",126.5890239,33.5158923
겨울이네,기타,제주시 아란4길 91 1층,"유치원 프로그램은 회원권에 한하여 운영, 호텔 이용 예약 시 예약금 받음 / 호텔, 놀이방 6kg, 7~15kg, 16kg까지 이용가능",126.5418621,33.4695102
곱닥한개,기타,제주시 설촌로10길 12 1층,"100%예약제 운영 / kg마다 가격, 조건 상이",126.5827263,33.5238805
공천포구,관광지,서귀포시 남원읍  ,관광지 / 반려동물추가요금 없음,126.7206687,33.2798827
곽지해수욕장,관광지,제주시 애월읍 곽지11길 06월 15일,관광지 / 반려동물추가요금 없음,126.3066946,33.4530966
광치기해변,관광지,서귀포시 성산읍 고성리 224-33,광치기해변은 제주의 대표 관광명소인 성산일출봉과 함께 일출 명소로 자리 잡은 장소이다. / ,126.9238905,33.4523176
국립제주박물관,관광지,제주시 건입동 일주동로 17,박물관 / 반려동물추가요금 없음,126.5490796,33.5140695
군산오름,관광지,서귀포시 안덕면  ,관광지 / 반려동물추가요금 없음,126.3306825,33.2576224
그루밍시즌,기타,서귀포시 동홍로 29,처음 예약 시 전화 및 방문 상담으로 예약 전 필요한 부분을 꼼꼼하게 체크함 / 대형견 사전 문의 필수,126.5675852,33.2510385
그루밍제주,기타,서귀포시 천제연로 357,"이용 전 사전 문의 / 유치원, 호텔 10kg 이하 가능, 미용은 대형견 이용 가능",126.4427841,33.2525315
그리스신화박물관,관광지,제주시 한림읍 광산로 942,박물관 / 반려동물추가요금 없음,126.3567366,33.3481081
금오름,관광지,제주시 한림읍  ,관광지 / 반려동물추가요금 없음,126.2668895,33.4104269
김녕해수욕장,관광지,제주시 구좌읍 김녕리,"김녕해수욕장은 제주 김녕 성세기 해변이라고도 불리는데, 하얀 모래에 부서지는 파도들이 시원한 소리를 내고 푸른 바다 풍경이 제주 자연의 아름다움을 새삼 느끼게 해주는 곳이다. / ",126.7578438,33.5501037
김만덕기념관,관광지,제주시 건입동 산지로 7,박물관 / 반려동물추가요금 없음,126.5303962,33.5159138
김영갑갤러리두모악,관광지,서귀포시 성산읍 삼달로 137,미술관 / 반려동물추가요금 없음,126.8541279,33.3720608
김택화미술관,관광지,제주시 조천읍 신흥로 1,미술관 / 반려동물추가요금 없음,126.6531829,33.5437532
꽃과썸타다,관광지,서귀포시 안덕면 동광로 151,관광지 / 반려동물추가요금 없음,126.3401697,33.3097337
낙천아홉굿마을,관광지,제주시 한경면 낙수로 97,"보리피자 만들기, 보리빵 만들기 등 체험 프로그램 운영(예약필수) / 프로그램 체험 반려동물 동반 불가 / 무료",126.2267601,33.3278924
넥슨컴퓨터박물관,관광지,제주시 노형동 1100로 36008,박물관 / 반려동물추가요금 없음,126.4852442,33.4603294
노리매,관광지,제주 서귀포시 대정읍 중산간서로 2260-15,"사계절 내내 자연을 즐길 수 있는 도시형 공원 / 광견병 예방접종 완료 필수
동물보호법 상 지정된 맹견 등 출입 불가 / 유료",126.2874542,33.2825756
녹차미로공원,관광지,서귀포시 색달동 산록남로 1246,공원 / 반려동물추가요금 없음,126.421481,33.2938438
놀자개,기타,제주시 오광로 143 1층,"호텔 이용 전 2시간 유치원 서비스 / 호텔, 유치원 5kg이하, 10kg이하 가능, 미용 소형견, 중형견, 특수견 가능",126.4621228,33.4838279
높은오름,관광지,제주시 구좌읍 송당리 산213-1,"구좌읍 주변 일대에서 유일하게 고도가 400m 이상 되는 오름으로, 정상까지 왕복 약 30분 소요된다. / ",126.7925994,33.4573207
단산,관광지,서귀포시 안덕면 사계리,오름 전체가 소나무 숲으로 이루어져 있고 그 사이 활엽수가 어우러져 있는 오름이다. / ,126.3065123,33.2316911
닭머르해안길,관광지,제주시 조천읍 신촌북3길 62-1,닭머르해안길은 제주 올레길 18코스이자 해안누리길 50코스이기도 하다. 제주 가을 억새하면 필수로 다녀와야 하는 일몰 명소 중 하나이다. / ,126.6132575,33.5378129
댕댕놀이터,기타,제주시 도근내길 56 1층,"유치원, 호텔 1시간 또는 종일반, 정액권 등 다양하게 이용 가능 / 호텔, 유치원 15kg 이하
미용 12kg 가능",126.4369843,33.4919069
댕댕샤워,기타,제주시 애월읍 하귀9길 54-8 1층,"예약문의는 영업시간 상관 없이 24시간 문의 가능 / ~9kg, 10kg가능",126.4147589,33.4827893
도곤도곤 애견미용실,기타,제주시 성신로1길 21 2층 203호,"사전예약문의 필수 / 소형견, 중형견 이용 가능, 조건에 따라 미용 중단 가능",126.4876976,33.491851
도그앤캣,기타,서귀포시 홍중로 119-2 601동 상가 107호,"전화 예약 필수로 예약시간 20분 경과 시 다음 미용이 있을 경우 자동 취소 / 소형견, 중형견 이용 가능",126.5554076,33.2633217
도도펫,기타,제주시 우령8길 63-16 1층,"노쇼는 재예약 불가 / 소형견, 중형견 이용 가능, 대형견 사전 문의, 호텔링 서비스는 소형견, 중형견만 가능",126.4282365,33.4853501
도두동무지개해안도로,관광지,제주시 도두일동 1734,도두동 무지개 해안도로는 제주공항과 가까운 곳에 있어 여행 전후로 가볍게 드라이브를 즐길 수 있는 곳이다. / ,126.4724869,33.5093801
도두봉,관광지,제주시 도두항길 4-17,"제주공항 북쪽 도두동 해안가에 위치한 도두봉은, 경사로를 따라 10여분 정도만 올라가면 정상이 나온다. / ",126.4673045,33.5066565
도치돌목장,관광지,제주시 애월읍 도치돌길 293,"관광지, 악천후 시 휴장 / 반려동물추가요금 없음",126.3660075,33.4101313
도치돌알파카목장,관광지,제주 제주시 애월읍 도치돌길 303 도치돌알파카목장,동물 먹이 주기 및 다양한 체험프로그램 운영 /  / 유료,126.3667568,33.4097265
돌하르방미술관,관광지,제주특별자치도 제주시 조천읍 북촌서1길 7,"미술관, 도서관, 산책로 등을 즐기는 테마 문화 공원 / 관광지 내 카페 동반 입장 불가 / 유료",126.6856123,33.5338326
동거문이오름,관광지,제주시 구좌읍 종달리 산70,구좌읍 종달리에 있는 동거문오름은 거미오름이나 동검은이오름으로도 불린다. / ,126.805366,33.4487798
두산봉,관광지,제주 서귀포시 성산읍 시흥리 산1-5,"말의 머리처럼 생긴 말미오름의 다른 이름은 두산봉이며, 아래로는 성산포의 들판이 펼쳐져 있고, 정면에는 성산 일출봉, 그 왼쪽에는 우도가 한눈에 보인다. / ",126.8677451,33.4646837
디어펫,기타,제주시 과원로 47 1층 102호,사전예약문의 필수 / 대형견 방문 전 협의 필요,126.4883192,33.476514
따라비오름,관광지,서귀포시 표선면 가시리 산62,따라비오름은 가을에서 겨울에 방문하면 억새가 바람에 펼쳐진다. 왕복 약 1시간 소용된다. / ,126.7502729,33.3860436
러브랜드미술관,관광지,제주시 연동 1100로 2894-72,미술관 / 반려동물추가요금 없음,126.4896756,33.4516563
멍더랜드,기타,제주시 월광로 147,"유치원 프로그램은 회원권에 한하여 운영, 호텔 이용 예약 시 예약금 받음 / 15kg미만 이용 가능
첫 이용 시 5차접종내역, 1년 이내 정기 접종 내역 필수 확인",126.4734247,33.4921358
메이즈랜드,관광지,제주시 구좌읍 비자림로 2134-47,관광지 / 반려동물추가요금 없음,126.8009119,33.4887233
무병장수테마파크,관광지,제주 제주시 애월읍 어음13길 196,"2021 제주 웰니스 관광지 힐링, 명상 분야 선정 / 관광지 내 카페 동반 입장 불가 / 유료",126.3610158,33.3954513
미악산,관광지,서귀포시 동홍동 인정오름로 387-63,관광지 / 반려동물추가요금 없음,126.5542859,33.3007702
박물관은살아있다,관광지,서귀포시 색달동 중문관광로 42,미술관 / 반려동물추가요금 없음,126.4092743,33.2548031
박수기정,관광지,서귀포시 안덕면 감산리 1008,박수기정은 바가지로 마실 수 있는 깨끗한 샘물이 솟아나는 절벽이라는 의미를 가지고 있다. 해 질 무렵 바다에 비친 노을은 절벽과 어우러져 아름다운 풍경이 펼쳐진다. / ,126.3592223,33.2366351
방림원,관광지,제주 제주시 한경면 용금로 864,"계절에 따라 야생화, 자생식물을 전시하는 야생화 전시관 / 관광지 내 카페 동반 입장 불가
프로그램 체험 불가 / 유료",126.2685032,33.3371723
방림원 식물원,관광지,제주시 한경면 용금로 864,박물관 / 반려동물추가요금 없음,126.2685032,33.3371723
백약이오름,관광지,서귀포시 표선면 성읍리 산1,백약이 오름 정상에서는 산정부를 따라 주변의 다양한 오름들과 제주의 천연 환경을 두 눈으로 가득 담을 수 있다. / ,126.7902,33.4372274
법환포구,관광지,서귀포시 법환동 막숙포로 66,관광지 / 반려동물추가요금 없음,126.5146959,33.2357038
보롬왓,관광지,제주특별자치도 서귀포시 표선면 번영로 2350-104,"아름다운 배경의 꽃밭으로 SNS에서 유명한 관광지 / 5kg미만 입장 가능
카페 반려동물 입장 불가 / 유료",126.7524924,33.413493
봉구의간식,기타,제주 제주시 애월읍 애월로 110 봉구의간식 제주 애월점,첨가물을 넣지 않은 천연 수제 간식 전문점 / ,126.319111,33.4645348
비밀의숲,관광지,제주시 구좌읍  ,관광지 / 반려동물추가요금 없음,126.8520615,33.5225223
비양도,관광지,제주시 한림읍 한림해안로 146,관광지 / 반려동물추가요금 없음,126.2621357,33.415409
비체올린,관광지,제주 제주시 한경면 판조로 253-6 비체올린,"카약, 수영, 조각 공원 등을 갖춘 가족 놀이공원 / 매점 동반 입장 불가
안고 탈 수 있는 반려동물 카약 탑승 가능 / 유료",126.2185004,33.3495733
삐삐그루밍,기타,서귀포시 대정읍 중산간서로 2269 B동 2층,"제주영어교육도시 내 위치한 반려견 놀이터 / 10kg 미안 이용 가능, 첫 이용 시 5차접종내역, 1년 이내 정기접종 내역 필수 확인",126.2861287,33.2806461
산방산 둘레길,관광지,서귀포시 안덕면 사계리 112-3,산방산둘레길은 용머리 해안 매표소에서 산방연대까지 무리하지 않고 가볍게 산책할 수 있는 산책 코스이다. / ,126.3146311,33.2334783
산방산유람선,관광지,서귀포시 안덕면 화순해안로106번길 16,관광지 / 반려동물추가요금 없음,126.3352931,33.2368851
삼양검은모래해변,관광지,제주 제주시 삼양동,삼양해수욕장은 철분이 함유된 검은 모래가 유명한 해수욕장이다.  / ,126.5856006,33.5218848
새별오름,관광지,제주시 애월읍 봉성리 산59-8,제주의 대표 오름 중 하나로 애월읍에 위치한 오름이다. / ,126.3570413,33.3673333
새연교,관광지,서홍동 707-4,새로운 인연을 만들어가는 다리'라는 뜻으로 서귀포 관광 미향의 랜드마크 /  / 무료,126.558884,33.2385318
생각하는 정원,관광지,제주시 한경면 녹차분재로 675,박물관 / 반려동물추가요금 없음,126.2554704,33.3255403
생각하는정원,관광지,제주 제주시 한경면 녹차분재로 675 생각하는정원,"나무를 통해 배운 지식과 지혜를 공유하고 교류하는 교육문화 정원 / 5kg이상 입장 불가
음식점, 카페 출입 불가 / 유료",126.2554704,33.3255403
서귀포시기당미술관,관광지,서귀포시 서홍동 남성중로153번길 15,미술관 / 반려동물추가요금 없음,126.5511943,33.2448529
서귀포예술의전당,관광지,서귀포시 서홍동 태평로 270,문예회관 / 반려동물추가요금 없음,126.5509148,33.246184
서귀포칠십리시공원,관광지,서귀포시 서홍동 현청로 41-19,공원 / 반려동물추가요금 없음,126.5546294,33.2669101
서귀포해양도립공원,관광지,서귀포시 서홍동 남성로128번길 13,공원 / 반려동물추가요금 없음,126.5558911,33.2417609
서복전시관,관광지,서귀포시 서귀동 칠십리로 156-8,박물관 / 반려동물추가요금 없음,126.5707985,33.2448092
서우봉,관광지,제주시 조천읍 함덕리 169-1,서우봉은 동쪽 바다를 바라보는 조망이 좋아 해마다 서우봉 일출제가 열린다.  / ,126.6775454,33.5453682
석부작 박물관,관광지,서귀포시 호근동 일주동로 8941,박물관 / 반려동물추가요금 없음,126.5366475,33.2504709
설문대여성문화센터 여성역사문화전시관,관광지,제주시 연동 선덕로8길 12,박물관 / 반려동물추가요금 없음,126.5003724,33.4843959
섭지코지,관광지,제주 서귀포시 성산읍 고성리,성산일출봉을 배경으로하는 해안 풍경이 가득한 장소 / 대형견 입마개 필수 / 무료,126.9082782,33.4493139
성안미술관,관광지,제주시 아라일동 중앙로 470,미술관 / 반려동물추가요금 없음,126.5416138,33.4811195
성이시돌목장,관광지,제주 제주시 한림읍 산록남로 53,"초원과 독특한 건물, 볼거리가 가득한 목장 / 카페 내부 출입 불가 / 무료",126.3216096,33.3458892
세계술박물관,관광지,서귀포시 표선면 한마음초등로 431,박물관 / 반려동물추가요금 없음,126.8176542,33.3539296
세계오지민속박물관,관광지,서귀포시 성산읍 서성일로 474,박물관 / 반려동물추가요금 없음,126.8406427,33.4157006
세계자동차 피아노박물관,관광지,서귀포시 안덕면 중산간서로 1610,"박물관, 우천 시 어린이 체험장 휴관 / 반려동물추가요금 없음",126.3496509,33.2829393
세계조가비박물관,관광지,서귀포시 서홍동 태평로 284,박물관 / 반려동물추가요금 없음,126.5516449,33.2474548
소암기념관,관광지,서귀포시 서귀동 소암로 15,미술관 / 반려동물추가요금 없음,126.5674027,33.2451218
소인국 테마파크,관광지,서귀포시 안덕면 중산간서로 1878,관광지 / 반려동물추가요금 없음,126.3225224,33.2904107
소인국테마파크,관광지,제주 서귀포시 안덕면 중산간서로 1878,"전세계 유명 건축물 미니어처와 제주도의 돌 문화, 민속신앙 등 다양한 볼거리와 체험 거리를 갖춘 미니어처 테마파크 / 반려견 전용 가방, 유모차 동반 시 입장가능 / 유료",126.3225224,33.2904107
송악산,관광지,서귀포시 대정읍 송악관광로 421-1,관광지 / 반려동물추가요금 없음,126.2909086,33.2077125
송악산 둘레길,관광지,서귀포시 대정읍 송악관광로 421-1,"가파도와 형제섬, 마라도까지 훤히 보이는 송악산둘레길은 세계적으로 유래가 적은 이중 분화구가 존재하는 화산학적 가치가 높은 곳이다. / ",126.2909086,33.2077125
수목원테마파크,관광지,제주시 연동 은수길 69,관광지 / 반려동물추가요금 없음,126.4878987,33.4703692
수월봉,관광지,제주시   ,관광지 / 반려동물추가요금 없음,126.5311784,33.4995596
스누피가든,관광지,제주 제주시 구좌읍 금백조로 930,"피너츠' 만화를 테마로 구성된 자연형 체험 테마가든 / 매주 수요일 '반려동물데이'만 입장 가능
1인 1마리 입장 가능
실내는 케이지, 유모차 필수
가든 셔틀버스 이용 불가
공격성이 심한 경우 퇴장조치 / 유료",126.7783388,33.4441076
스테이솔티,관광지,제주시 구좌읍 해맞이해안로 480-1,관광지 / 반려동물추가요금 없음,126.7981936,33.5545862
신창풍차해안,관광지,제주시 한경면 신창리 1290-3,신창 해안도로는 아름다운 일몰로도 손꼽히는 장소이기에 사진을 찍고 일몰을 감상하는 것도 좋다. / ,126.1769913,33.3450401
신창풍차해안도로,관광지,제주시 한경면  ,관광지 / 반려동물추가요금 없음,126.1841577,33.3501215
아라리오뮤지엄 탑동시네마,관광지,제주시 삼도이동 탑동로 14,미술관 / 반려동물추가요금 없음,126.5233853,33.5174172
아부오름,관광지,제주시 구좌읍 송당리 산164-1,아부오름은 구좌읍 송당리 마을 남쪽에 위치한 오름이다. 둘레까지 오르는데 어렵지 않아 어린아이들과 반려동물도 함께 제주오름을 느낄 수 있다. / ,126.7773001,33.4476227
아침미소목장,관광지,제주특별자치도 제주시 첨단동길 160-20,넓은 초원과 체험공간을 통해 가족과 즐거운시간을 보낼 수 있는 목장 / 카페 내부 출입 불가 / 유료,126.5862903,33.4542923
아프리카박물관,관광지,서귀포시 대포동 이어도로 49,박물관 / 반려동물추가요금 없음,126.4291705,33.2397381
"안녕, 상이 친구들!",기타,제주시 아란7길 47 1층 101호,"미용 중에는 예약 손님 입장 가능, 그 외는 출입 제한 / 소형견, 중형견 미용 가능",126.5404173,33.4741994
안덕계곡,관광지,서귀포시 안덕면 일주서로 1524,관광지 / 반려동물추가요금 없음,126.3529665,33.2584245
안돌오름,관광지,제주시 구좌읍 중산간동로 2052,관광지 / 반려동물추가요금 없음,126.7631332,33.4735386
앙리젤,기타,제주시 노형12길 23 지성빌딩 2층,"유치원 8kg 미만 소형견, 소수정예 운영, 100% 예약제 운영 / 생후 5개월 미만, 생리중, 노령견, 전염성 질병, 입질, 공격성, 케어가 어려운 경우 이용 제한",126.4805095,33.4826303
애월한담공원,관광지,제주시 애월읍  ,공원 / 반려동물추가요금 없음,126.3289766,33.462189
엉또폭포,관광지,서귀포시 강정동 염돈로 121-8,관광지 / 반려동물추가요금 없음,126.491919,33.2588172
에코랜드,관광지,제주시 조천읍 번영로 1278-169,박물관 / 반려동물추가요금 없음,126.670355,33.4614885
여미지식물원,관광지,제주 서귀포시 중문관광로 93,"중문 관광단지에 위치한 동양 최대의 온실을 보유한 식물원 / 실내, 실외 출입 가능
대형견 입마개 필수 / 유료",126.4154109,33.2525012
영천악,관광지,서귀포시 상효동  ,관광지 / 반려동물추가요금 없음,126.5705602,33.3219839
예나르 공예박물관,관광지,제주시 한경면 저지14길 36,박물관 / 반려동물추가요금 없음,126.2668987,33.3400889
예래생태공원,관광지,상예동 5002-26,다양한 식물과 다양한 체험을 즐길 수 있는 생태공원 /  / 무료,126.3965833,33.2475626
오설록티뮤지엄,관광지,제주 서귀포시 안덕면 신화역사로 15 오설록,국내외 차 관련 박물관 / 실내 이용 불가 / 무료,126.290481,33.3062471
오조리마을,관광지,서귀포시   ,관광지 / 반려동물추가요금 없음,126.5601204,33.2540808
왈종미술관,관광지,서귀포시 동홍동 칠십리로214번길 30,미술관 / 반려동물추가요금 없음,126.5737323,33.2451855
외돌개,관광지,서홍동 791,바다 위에 약 20m 높이로 우뚝 솟아 있는 돌기둥 /  / 무료,126.5456617,33.2400729
요기개,기타,제주시 오남로 280 검은색 건물,"시간제 대관 예약 가능, 반려견이 뛰놀 수 있는 반려견 놀이터 / 12kg이하만 가능",126.5133145,33.4712447
용두암,관광지,제주시 용두암길 15,"용머리 형상을 띄고 있는 장소로, 해안도로, 출렁다리 등 산책을 즐기는 최적의 장소 /  / 무료",126.5120594,33.5150728
월령리선인장군락,관광지,제주시 한림읍  ,관광지 / 반려동물추가요금 없음,126.2668895,33.4104269
월령리선인장군락지,관광지,제주특별자치도 제주시 한림읍 월령리 359-4,서쪽 해안가에 위치한 선인장 야생 군락지 /  / 무료,126.2154411,33.3778825
월정리해수욕장,관광지,제주시 구좌읍 월정리 33-3,"세계 자연유산 마을 월정리는 400여 년의 역사를 지니고 있는 곳이다. 해안도로 드라이브를 하다가 들르기 좋은 곳이며, 이국적인 풍경이 아름다워 눈길을 사로잡는 곳이기도 하다. / ",126.7986385,33.5551135
유민미술관,관광지,서귀포시 성산읍 섭지코지로 107,미술관 / 반려동물추가요금 없음,126.9287042,33.4255898
이랜드뮤지엄,관광지,제주시 한림읍 한림해안로 530,박물관 / 반려동물추가요금 없음,126.2744606,33.4357935
이중섭미술관,관광지,서귀포시 서귀동 이중섭로 03월 27일,미술관 / 반려동물추가요금 없음,126.5644192,33.2477832
이호테우말등대,관광지,제주시 이호일동  ,공원 / 반려동물추가요금 없음,126.4574798,33.4993221
일출랜드,관광지,제주 서귀포시 성산읍 중산간동로 4150-30,"천연용암동굴인 마천굴을 중심으로 수변공원, 잔디광장, 분재정원 등 다양한 테마로 구성된 테마공원 / 광견병 예방접종 필수
공격성 있는 반려견, 대형견 입마개 필수 / 유료",126.8420876,33.382967
일출랜드 식물원,관광지,서귀포시 성산읍 중산간동로 4150-30,박물관 / 반려동물추가요금 없음,126.8420876,33.382967
자구리공원,관광지,서귀포시 서귀동  ,공원 / 반려동물추가요금 없음,126.5624836,33.2493477
저지문화예술인마을,관광지,제주시 한경면  ,"관광지, 현대미술관 입장료 2,000원 / 반려동물추가요금 없음",126.1841577,33.3501215
정모시쉼터,관광지,서귀포시 서귀동 부두로5번길 9,"관광지, 물놀이장 7~8월 10:00~18:00 / 반려동물추가요금 없음",126.5661867,33.244684
정물오름,관광지,제주시 한림읍  ,관광지 / 반려동물추가요금 없음,126.2668895,33.4104269
정방폭포,관광지,서귀포시 동홍동 칠십리로214번길 37,"관광지, 일몰에 따라 입장마감시간 변동되므로 방문 전 확인 필수 / 반려동물추가요금 없음",126.5730528,33.244745
제라펫,기타,제주시 용담로20길 28,"유치원 프로그램은 회원권에 한하여 운영, 호텔 이용 예약 시 예약금 받음 / 15kg미만 이용 가능
첫 이용 시 5차접종내역, 1년 이내 정기접종 내역 필수 확인",126.5134526,33.507868
제이각,관광지,제주시 이도일동 오현길 56,관광지 / 반려동물추가요금 없음,126.5265996,33.5100356
제주 공룡랜드 전시관,관광지,제주시 애월읍 광령평화2길 1,박물관 / 반려동물추가요금 없음,126.4336703,33.4416753
제주 삼양동 유적,관광지,제주시 삼양일동 선사로2길 13,박물관 / 반려동물추가요금 없음,126.5880388,33.5235264
제주 파더스가든,관광지,서귀포시 안덕면 병악로 44-33,관광지 / 반려동물추가요금 없음,126.3654434,33.2804974
제주 허브동산,관광지,서귀포시 표선면 돈오름로 170,박물관 / 반려동물추가요금 없음,126.8147076,33.3295575
제주4·3평화기념관,관광지,제주시 봉개동 명림로 430,박물관 / 반려동물추가요금 없음,126.6190021,33.4506669
제주건강과성박물관,관광지,서귀포시 안덕면 일주서로 1611,박물관 / 반려동물추가요금 없음,126.3457981,33.2550116
제주고산리유적,관광지,한경면 노을해안로 1100,"우리나라 최고, 최초의 신석기 시대 유적지 / 실내 고산리 유적센터 입장 불가 / 유료",126.1661607,33.3041947
제주교육박물관,관광지,제주시 이도이동 오복4길 25,박물관 / 반려동물추가요금 없음,126.5381424,33.4943498
제주다원녹차미로공원,관광지,색달동 산 52,"녹차 미로 코스와 포토존, 동물 먹이 체험장 등이 있는 공원 /  / 유료",126.4211365,33.2927035
제주대학교박물관,관광지,제주시 아라일동 제주대학로 102,박물관 / 반려동물추가요금 없음,126.5621771,33.4555386
제주댕댕스푼,기타,구좌읍 일주동로 2973 1층,제주의 청정 재료를 이용해 반려동물의 건강한 간식 제공 / ,126.8395377,33.529321
제주도립 김창열미술관,관광지,제주시 한림읍 용금로 883-5,미술관 / 반려동물추가요금 없음,126.2686697,33.3390679
제주도립미술관,관광지,제주시 연동 1100로 2894-78,미술관 / 반려동물추가요금 없음,126.489239,33.4526427
제주돌문화공원,관광지,제주시 조천읍 남조로 2023,박물관 / 반려동물추가요금 없음,126.6668283,33.4367829
제주레일바이크,관광지,제주 제주시 구좌읍 용눈이오름로 641,철로 자전거로 자연경관을 즐길 수 있는 체험형 유원시설 / 반려견 10kg미만 가능 / 유료,126.8367773,33.4644781
제주레포츠랜드,관광지,제주 제주시 조천읍 와흘상서2길 47 제주레포츠랜드,"레이싱카트, 산악버기카, 집라인, 서바이벌, 썰매, 사격 등 다양한 체험 시설이 있는 복합휴양 레저테마파크 / 프로그램 체험 반려동물 동반 불가 / 유료",126.638503,33.4822129
제주루나폴,관광지,서귀포시 안덕면 일주서로 1836,미술관 / 반려동물추가요금 없음,126.3210242,33.2520379
제주마방목지,관광지,제주시 용강동 516로 2480,관광지 / 반려동물추가요금 없음,126.6035415,33.4275033
제주목 관아,관광지,제주시 삼도이동 관덕로 25,박물관 / 반려동물추가요금 없음,126.5219367,33.513992
제주민속촌,관광지,서귀포시 표선면 민속해안로 631-34,관광지 / 반려동물추가요금 없음,126.8414725,33.3223264
제주선인장마을,관광지,제주시 한림읍 월령1길 01월 01일,관광지 / 반려동물추가요금 없음,126.2162974,33.3754156
제주세계자연유산센터 세계유산전시관,관광지,제주시 조천읍 선교로 569-36,박물관 / 반려동물추가요금 없음,126.7145245,33.4569595
제주센트럴파크,관광지,제주시 조천읍 비자림로 606,박물관 / 반려동물추가요금 없음,126.6748209,33.4337851
제주스런 서귀포점,관광지,서귀포시 성산읍 독자봉로24번길 75-30,"관광지, 예약제 / 반려동물추가요금 없음",126.873744,33.3908681
제주아이스뮤지엄 종합전시관,관광지,제주시 연동 은수길 69,박물관 / 반려동물추가요금 없음,126.4878987,33.4703692
제주아트센터,관광지,제주시 오라이동 오남로 231,문예회관 / 반려동물추가요금 없음,126.5153974,33.4752726
제주옹기박물관,관광지,서귀포시 대정읍 무영로254번길 03월 01일,박물관 / 반려동물추가요금 없음,126.2234408,33.2829392
제주옹기숨미술관,관광지,제주시 해안동 주르레길 55-19,미술관 / 반려동물추가요금 없음,126.4806973,33.4490583
제주유리박물관,관광지,서귀포시 상예동 중산간서로 1403,박물관 / 반려동물추가요금 없음,126.3702011,33.2780445
제주유리의성,관광지,제주시 한경면 녹차분재로 462,관광지 / 반려동물추가요금 없음,126.2733986,33.3144223
제주추사관,관광지,서귀포시 대정읍 추사로 44,미술관 / 반려동물추가요금 없음,126.2784771,33.2499415
제주카약올레,관광지,제주시 애월읍 애월로1길 22,관광지 / 반려동물추가요금 없음,126.3104406,33.4623524
제주커피박물관바움,관광지,서귀포시 성산읍 서성일로1168번길 89-17,박물관 / 반려동물추가요금 없음,126.8992884,33.4397944
제주테디베어뮤지엄,관광지,서귀포시 색달동 중문관광로110번길 31,박물관 / 반려동물추가요금 없음,126.4120616,33.2502046
제주특별자치도 문예회관,관광지,제주시 일도이동 동광로 69,문예회관 / 반려동물추가요금 없음,126.5353044,33.5044048
제주특별자치도 민속자연사박물관,관광지,제주시 일도이동 삼성로 40,박물관 / 반려동물추가요금 없음,126.5315614,33.5061907
제주평화박물관,관광지,제주시 한경면 청수서5길 63,박물관 / 반려동물추가요금 없음,126.2492524,33.3056729
제주항공우주박물관,관광지,서귀포시 안덕면 녹차분재로 218,박물관 / 반려동물추가요금 없음,126.2997155,33.3039937
제주항일기념관,관광지,제주시 조천읍 신북로 303,박물관 / 반려동물추가요금 없음,126.6425911,33.5415098
제주해양동물박물관,관광지,서귀포시 성산읍 서성일로 689-21,박물관 / 반려동물추가요금 없음,126.8551266,33.4294857
제주허브동산,관광지,제주 서귀포시 표선면 돈오름로 170,"허브정원, 감귤농장 등으로 구성된 테마공원 /  / 유료",126.8147076,33.3295575
제주현대미술관,관광지,제주시 한경면 저지14길 35,미술관 / 반려동물추가요금 없음,126.2655404,33.3397995
조안베어뮤지엄,관광지,서귀포시 대포동 대포로 113,박물관 / 반려동물추가요금 없음,126.4342475,33.2402168
족은노꼬메오름,관광지,제주시 애월읍 유수암리 산138,족은노꼬메오름은 제주에 있는 오름 중 숲길과 오름을 한번에 즐길 수 있는 곳이다. / ,126.4158567,33.3922418
중문색달해수욕장,관광지,서귀포시 색달동,중문색달해변은 천제연폭포와 대포주상절리가 이어지는 곳에 위치한 아름다운 해수욕장이다. / 해변 동반 입욕 불가,126.4083634,33.2789898
차귀도유람선,관광지,제주특별자치도 제주시 한경면 노을해안로 1160,"둘레길 탐방과 차귀도 경치 유람까지 즐길 수 있는 유람선 / 유람선 탑승 시 보호자가 안고 있거나 케이지, 가방에 넣어야 함 / 유료",126.1649243,33.3088915
찬스귤체험농장,관광지,서귀포시 남원읍 남위남성로93번길 74,관광지 / 반려동물추가요금 없음,126.7006242,33.2815502
초콜릿박물관,관광지,서귀포시 대정읍 일주서로3000번길 144,박물관 / 반려동물추가요금 없음,126.2300179,33.2570145
춘자네쇠소깍,관광지,서귀포시 하효동 쇠소깍로 128,관광지 / 반려동물추가요금 없음,126.6230233,33.2521966
카멜리아힐,관광지,서귀포시 안덕면 병악로 166,박물관 / 반려동물추가요금 없음,126.3695391,33.2894046
쿠키네,기타,제주시 애월읍 일주서로 6689 1층,"미용실, 유치원, 호텔 운영 / 미용, 호텔 이용 시 15kg 이상은 사전 협의 필요",126.3667946,33.471402
큰노꼬메오름,관광지,제주시 애월읍 유수암리 산138,"노꼬메는 분석구로 오름이 갖고 있는 규모, 경사, 분화구 등 제주도에 분포하는 360여 개의 오름 중에서 화산지형의 특징을 잘 나타내는 오름이다. 왕복 약 1시간 30분 소요되며 정상의 데크에서 주변 경관을 맘껏 감상하기 좋다. / ",126.4158567,33.3922418
큰사슴이오름,관광지,서귀포시 표선면 가시리 산68,"가을철 억새가 가득한 이곳은 가족과 반려동물이 함께 즐길 수 있는 장소임은 물론, 스냅사진 명소이다.  / ",126.7348771,33.3953185
큰엉해안경승지,관광지,제주 서귀포시 남원읍 태위로 522-17 큰엉전망대,해안절벽 위 반려동물과 함께할 수 있는 산책로가 조성되어 있음 /  / 무료,126.7036647,33.2733861
테디베어뮤지엄제주점,관광지,제주 서귀포시 중문관광로110번길 31,1902년에 탄생한 테디베어의 역사를 전시한 국내 최초이자 최대 규모의 박물관 / 반려견 케이지 동반 시 입장 가능 / 유료,126.4120616,33.2502046
테마공원 선녀와 나무꾼,관광지,제주시 조천읍 선교로 267,박물관 / 반려동물추가요금 없음,126.7034653,33.4787532
테지움사파리,관광지,제주시 애월읍 평화로 2159,박물관 / 반려동물추가요금 없음,126.3935416,33.412258
토이파크 뮤지엄,관광지,서귀포시 안덕면 동광로 267-7,박물관 / 반려동물추가요금 없음,126.345364,33.3189629
토종흑염소목장 남원본점,관광지,서귀포시 남원읍 서성로 544-97,관광지 / 반려동물추가요금 없음,126.6597743,33.3176679
파더스가든,관광지,제주 서귀포시 안덕면 병악로 44-33,계절마다 펼쳐지는 다양한 꽃 체험을 즐길 수 있는관광농원 / 대형견은 컨트롤 가능한 경우 입장 가능 / 유료,126.3654434,33.2804974
펫마마스푸드,기타,제주 서귀포시 대정읍 최남단해안로127번길 13 펫마마스푸드1층,"청정 제주를 담아 사료와 간식, 베이커리를 핸드메이드 제작 / ",126.2588497,33.2116315
포브독,기타,제주시 연북로 74 2층,"교육 서비스 방문 전 설문 인터뷰, 방문 후 사전 성향 테스트 후 이용 가능, 등원 두수를 제한 / 11kg 미만 이용 가능",126.4891893,33.4815463
포토갤러리자연사랑미술관,관광지,서귀포시 표선면 가시로613번길 46,미술관 / 반려동물추가요금 없음,126.7714458,33.3554556
포핑요,기타,제주시 아봉로 383 (월평동),"처음 예약 시 전화 및 방문 상담으로 예약 전 필요한 부분을 꼼꼼하게 체크함 / 15kg미만 호텔, 유치원 이용 가능, 3개월 이상, 5차 예방 접종 필수, 중성화 안 된 경우/마킹이 있을 시 매너벨트 착용, 짖음/공격성 있을 시 위탁 불가, 8세 이상 반려견 상담 후 이용",126.5762742,33.4702438
표선해수욕장,관광지,서귀포시 표선면 표선리,표선해수욕장은 제주의 많은 해수욕장 중에서 백사장이 가장 아름다운 해수욕장으로 뽑힌다. 수심이 낮아 어린아이들과 반려동물도 마음껏 물놀이를 할 수 있다. / ,126.8287433,33.3265259
피규어 뮤지엄제주,관광지,서귀포시 안덕면 한창로 243,박물관 / 반려동물추가요금 없음,126.3553593,33.281906
한국야구명예의전당,관광지,서귀포시 강정동 중산간서로 35431,박물관 / 반려동물추가요금 없음,126.4601309,33.2625749
한담해안산책로,관광지,제주시 애월읍 곽지리 1359,한담해안산책로는 1.2km의 산책로가 애월리에서 곽지해수욕장까지 해안선을 따라 조성되어 있다. / ,126.3105364,33.4590811
한라마테우리,기타,제주 제주시 일주동로 102,제주 한라마와 채소로 반려동물을 위한 건강한 간식 제작 / ,126.5577163,33.5150809
한라산국립공원 산악박물관,관광지,제주시 오등동 산록북로 588,박물관 / 반려동물추가요금 없음,126.5503135,33.4219158
한림공원,관광지,제주시 한림읍 한림로 300,박물관 / 반려동물추가요금 없음,126.2396008,33.3894246
함덕해수욕장,관광지,제주시 조천읍 조함해안로 525,함덕해수욕장은 물이 맑고 수심이 얕아서 반려동물도 함께 할 가족 단위 피서지로 안성맞춤이다. / ,126.669091,33.5426991
항몽유적지,관광지,제주시 애월읍 항파두리로 50,박물관 / 반려동물추가요금 없음,126.4073887,33.4522313
해녀박물관,관광지,제주시 구좌읍 해녀박물관길 26,박물관 / 반려동물추가요금 없음,126.8632585,33.5232026
헬로키티아일랜드,관광지,서귀포시 안덕면 한창로 340,박물관 / 반려동물추가요금 없음,126.3520701,33.2901479
협재해수욕장,관광지,제주시 한림읍 협재리 2497-1,협재해수욕장은 제주 서쪽에 위치한 해수욕장으로 가장 많은 사람이 찾는 관광 명소 중 하나이다. / ,126.238991,33.3924812
화북환해장성,관광지,제주시 화북동,1270년 고려 군사들이 삼별초 군사들을 막기 위해 제주 바닷가에 축조한 성 /  / 무료,126.5654672,33.5202107
화순곶자왈생태탐방숲길,관광지,서귀포시 안덕면 화순서동로 151,관광지 / 반려동물추가요금 없음,126.3322556,33.2657577
화순금모래해수욕장,관광지,서귀포시 안덕면 화순해안로 91,화순금모래해수욕장은 안덕면에 위치한 해수욕장이다. 검은빛 모래는 거칠지 않아 아이와 반려 동물이 뛰어놀기에 부담이 없다. / ,126.3357841,33.2398488
효명사,관광지,서귀포시 남원읍 516로 815-41,관광지 / 반려동물추가요금 없음,126.5941764,33.3232992
휘닉스아일랜드콘도,관광지,서귀포시 성산읍 섭지코지로 107,관광지 / 반려동물추가요금 없음,126.9287042,33.4255898
휴애리,관광지,서귀포시 남원읍 신례동로 256,박물관 / 반려동물추가요금 없음,126.6361767,33.3096573
휴애리자연생활공원,관광지,제주 서귀포시 남원읍 신례동로 256,"계절별로 꽃을 만날 수 있는 공원 / 7kg 미만 소형견만 입장 가능
카페 입장 불가 / 유료",126.6361767,33.3096573
더 플래닛,관광지,제주특별자치도 서귀포시 천제연로 70 (색달동) 더 플래닛,생태문화전시관 더 플래닛은 신비롭고 소중한 제주도의 자연을 새롭게 발견할 수 있도록 남녀노소 누구나 즐길 수 있는 다양한 전시와 교육 콘텐츠가 준비된 공간입니다. / ,126.4129685,33.2552379
세계야생화박물관 방림원,관광지,제주특별자치도 제주시 한경면 용금로 864 (저지리) 방림원,"세계야생화박물관 방림원은 방한숙원장이 40여년간 세계 각지의 야생화를 비롯하여 제주도와 한반도에 서식하는 고유 자생식물 4,000여종을 수집하여 전시함으로서 생태계의 가치를 알려줄 뿐만 아니라 식물 유전자 보전 장소로 학술적으로 중요한 곳으로 자리 잡고 있다. 식물을 통해 힘들고 지친 현대인들에게 마음의 치유를 해주고 있다. / ",126.2685032,33.3371723
아쿠아플라넷 제주,관광지,"제주특별자치도 서귀포시 성산읍 섭지코지로 95 (고성리, Aqua Planet Jeju) 아쿠아플라넷 제주","아쿠아플라넷 제주는 국내 최대 규모 아쿠아리움으로, 단일 수조로는 세계 최대급을 보유하고 있습니다. 교육과 문화, 엔터테인먼트를 동시에 즐길 수 있는 어뮤즈먼트 테마파크를 표방한 아쿠아플라넷 제주는 제주의 앞 바다를 재현한 초대형 수조 '제주의 바다'를 비롯해 ‘해양과학 체험관, 대형 해양공연장’ 등을 운영하며, 다양한 콘텐츠를 접할 수 있습니다. / ",126.9275352,33.4332165
다이나믹메이즈 제주,관광지,"제주특별자치도 서귀포시 표선면 번영로 2644 (성읍리, 트릭아트뮤지엄) 다이나믹메이즈","""다이나믹메이즈""는 미로속에서 역동적인 체험을 즐길 수 있는 실내 익사이팅 프로그램으로 서로 협동하여 장애물을 뛰어넘고, 순발력과 집중력을 요하는 다양한 신체활동을 통해 보다 건강하고 색다른 재미를 선사합니다. / ",126.7855246,33.3992056
(주)제주유리의성,관광지,"제주특별자치도 제주시 한경면 녹차분재로 462 (저지리, 유리의 성) 제주유리의성",유리를 테마로한 박물관이자 유리조형 예술 체험 테마파크로서 관광과 문화예술을 접목한 관광지 / ,126.2733986,33.3144223
환상숲곶자왈공원,관광지,제주특별자치도 제주시 한경면 녹차분재로 594-1 (저지리) 환상숲곶자왈공원 매표소,"환상숲은 제주도 곶자왈 천연원시림으로 치유효과 등 생태보존가치가 높은 관광지입니다. 이야기가 있는 숲해설, 한방족욕, 웰니스프로그램 등 다양한 체험프로그램을 체험할 수 있습니다. / ",126.263175,33.322601
금능석물원,관광지,제주특별자치도 제주시 한림읍 한림로 176,장공익 석공예명장님께서 60년동안 제주 현무암으로 조각하여 전시한 공간 / ,126.2269365,33.3854038
생각하는 정원,관광지,제주특별자치도 제주시 한경면 녹차분재로 675,"생각하는 정원은 제주의 돌담과 오름, 연못과 폭포 그리고 특수목 정원수로 이뤄진 제주형 한국정원입니다. 정원수와 분재에 담긴 삶과 철학을 인문학으로 표현한 스토리보드는 나무에 대한 이해와 사색을 도우며 감동을 전하고 있습니다. 이곳에는 54년동안 이 정원만을 만들고 가꾸는 농부가 있습니다. / ",126.2554704,33.3255403
한림공원,관광지,제주특별자치도 제주시 한림읍 한림로 300,"야자수 물결치는 세계적인 식물의 낙원, 제주 한림공원입니다. / ",126.2396008,33.3894246
일출랜드,관광지,제주특별자치도 서귀포시 성산읍 중산간동로 4150-30,"제주 토종 동백나무, 홍가시나무, 먼나무 등 토종 식물 500여종 60만본으로 이루어진 일출랜드는 일천가지의 아름다움을 간직한 미천굴을 중심으로 다양한 테마와 산책로에서 제주의 천혜 자연과 생태를 보고 관광객들이 힐링을 할 수 있도록 운영하고 있습니다. / ",126.8420876,33.382967
제주신화월드 테마파크,관광지,제주특별자치도 서귀포시 안덕면 녹차분재로 217,스릴 넘치는 놀이기구와 즐거운 이벤트가 펼쳐지는 신화테마파크 / ,126.2903621,33.2980323
제주신화월드 워터파크,관광지,제주특별자치도 서귀포시 안덕면 녹차분재로 217,"제주 바다보다 짜릿하고 색다른 물놀이가 시작되는 곳, 신화워터파크 / ",126.2903621,33.2980323
넥슨 컴퓨터박물관,관광지,제주특별자치도 제주시 1100로 3198-8,넥슨컴퓨터박물관은 인류의 삶을 가장 빠르게 변화시킨 현재 진행형 매체인 컴퓨터와 그 발전에 기여해 온 게임의 역사를 함께 조망함으로써 우리의 미래를 상상해 볼 수 있는 체험형 박물관입니다. / ,126.4858322,33.4722914
아프리카박물관,관광지,제주특별자치도 서귀포시 이어도로 49,,126.4291705,33.2397381
테디베어박물관,관광지,제주특별자치도 서귀포시 중문관광로110번길 31,,123.7417741,32.5220203
제주토이파크뮤지엄,관광지,제주특별자치도 서귀포시 안덕면 동광로 267-7,,123.7417741,32.5220203
휴애리,관광지,서귀포시 남원읍 신례동로 256(신례리),,126.6361767,33.3096573
비체올린,관광지,제주시 한경면 판조로 253-6(판포리),,126.2185004,33.3495733
제주제트,관광지,서귀포시 대포로 172-5(대포동),,126.4394508,33.2384249
제주해양동물박물관,관광지,서귀포시 성산읍 서성일로 689-21(수산리),,126.8551266,33.4294857
세계자동차&피아노박물관,관광지,서귀포시 안덕면 중산간서로 1610(상창리),,126.3496509,33.2829393
무민랜드,관광지,서귀포시 안덕면 병악로 420,,126.3817602,33.306586
수목원테마파크,관광지,제주시 은수길 69,,126.4878987,33.4703692
노형수퍼마R,관광지,제주시 노형로 89,,126.4557252,33.4647976
본초족욕,관광지,제주시 은수길 65,,126.4880402,33.4715159
세계조가비박물관,관광지,서귀포시 태평로 284(서홍동),,126.5516449,33.2474548
서프라이즈 테마파크,관광지,제주시 조천읍 남조로 2243,,126.6597169,33.4649622
제주베스트힐,관광지,제주시 조천읍 남조로 2109-38,,126.6575394,33.4540925
파파빌레,관광지,제주시 조천읍 남조로 2185,,126.6609056,33.460413
제주민속촌,관광지,서귀포시 표선면 민속해안로 631-34,,126.8414725,33.3223264
빛의벙커,관광지,서귀포시 성산읍 고성리 2040-1,,126.8991806,33.4398205
케이엠커뮤니케이션즈,기타,제주특별자치도 제주시 애월읍 하귀9길 8 (하귀1리) 2층,"제주. 새로운 경험&여행 - New Experience in jeju 이라는 슬로건 아래  - 제주잡화점이라는 제주 경험&여행의 모든것을 제공하고 있습니다.
제주도를 찾는 MZ 세대 대상 제주의 새로운 여행 방식 - 백패킹&트레킹 / 제주 숲을 걷다 - 한라산트레킹 , 계곡트레킹, 지질여행 등의 
일반적으로 접하기 힘든 제주도의 자연을 바탕으로 제주의 새로운 경험 선사 하고 있습니다. / ",126.4148495,33.4860811
주식회사 나비트래블,기타,"제주특별자치도 제주시 연북로 92 (연동, 진현빌딩) 2층",국내외 골프를 전문으로 하는 종합여행사입니다. / ,126.4911376,33.4814889
주)유로해외여행,기타,"제주특별자치도 제주시 연북로 92 (연동, 진현빌딩) 2층","주)유로해외여행은  2015년 7월15일 영업을 개시하여 주변국 동서남북아를 비롯해 아메리카,유럽까지 진출을 목적으로 언제나고객의 안전과 신뢰 바탕으로 기본을 준수하며 회사 운영하고 있으며 지금은  작은 회사에 불가하지만 앞으로는  여행을 통해 고객의 건강과 힐링 행복을 추구 할 수 있는 아름다운 회사가 될것입니다. / ",126.4911376,33.4814889
제주미소투어,기타,"제주특별자치도 제주시 오복1길 4 (이도이동, 고광빌딩) 3층","제주미소투어는 온라인 상품노출을통해 항공,렌트,숙박,버스 예약대행하며 
코로나 시국에 적절하게 고객과 소통하여 운영하고있습니다. / ",126.5345554,33.4958491
와이에스투어,기타,"제주특별자치도 제주시 연북로 92 (연동, 진현빌딩) 2F 제주 여행업체 공유사무실",일본.동남아.중국권 소규모 개별여행객 인바운드 전문여행사입니다 / ,126.4911376,33.4814889
안드레아여행사,기타,제주시 서광로 249,,126.5231647,33.4999963
뭉치,기타,제주시 서광로 249,,126.5231647,33.4999963
