식당명,식당주소,식당위도,식당경도
24시전주명가콩나물국밥,제주 서귀포시 중정로62번길 4,33.24735805,126.5628696
24시전주명가콩나물국밥 일도점,제주 제주시 고마로 133,33.503051,126.542718
513텐동,제주특별자치도 제주시 구남로8길 17,33.49026807,126.5370337
60빈스,제주 서귀포시 태평로120번길 29-2,33.24191732,126.536242
88버거,제주 서귀포시 동문로 63,33.24924639,126.5671201
BBQ치킨 제주협재해수욕장점,제주특별자치도 제주시 한림읍 한림로 330,33.39297338,126.240167
ODE Music Bar,제주특별자치도 제주시 한림읍 한림로 410,33.39824293,126.2458922
project064,제주특별자치도 제주시 구남동4길 31,33.48751516,126.5374261
가람,제주 서귀포시 대정읍 최남단해안로29번길 22,33.21930679,126.252753
가마리식당,제주특별자치도 서귀포시 표선면 세성로 58,33.31124304,126.8044184
가시아방국수,제주 서귀포시 성산읍 고성동서로 67,33.45078169,126.9142736
가회식당,제주특별자치도 서귀포시 남원읍 태위로679번길 7,33.27970017,126.7187598
갈치공장,제주특별자치도 제주시 구좌읍 해맞이해안로 1296,33.53190564,126.8509611
갈치관 애월해안도로점,제주 제주시 애월읍 애월해안로 686 2층,33.48194608,126.3752208
갈치옥 함덕,제주특별자치도 제주시 조천읍 조함해안로 530,33.54248885,126.6694995
갈치왕 성산점,제주특별자치도 서귀포시 성산읍 성산중앙로37번길 9,33.4636722,126.9323751
갈치요리 전문점 뜰에,제주 제주시 애월읍 애월로11길 23-1,33.46637854,126.3202162
갑순이네,제주 서귀포시 천제연로 170,33.25177385,126.4228481
강식당,제주 제주시 한림읍 협재1길 39,33.39846444,126.2439195
강실장회포차,제주 서귀포시 대청로25번길 6-17,33.25304179,126.5043039
강풍해장국,제주 서귀포시 안덕면 사계북로 1,33.23029409,126.2921514
갱이네보말칼국수,제주 제주시 도남로 88,33.49268825,126.5280332
거멍국수 제주산방산점,제주특별자치도 서귀포시 안덕면 사계로114번길 53-14,33.24437894,126.3044096
검은노루,제주 서귀포시 대정읍 상모로 257,33.2238682,126.2617264
검은여닭도가니,제주특별자치도 서귀포시 토평동,33.24385917,126.5820619
겸성식당,제주 서귀포시 이어도로 918,33.23741003,126.5127456
경동식당,제주  남제주군  안덕면 화순리  1077-1,33.24671456,126.3349116
경미네집,제주 서귀포시 성산읍 일출로 259,33.46130764,126.9334192
계절식탁 함덕점,제주특별자치도 제주시 조천읍 조함해안로 510,33.54255527,126.6673674
계절식탁시청점,제주특별자치도 제주시 신성로13길 13-1,33.49893317,126.5295816
고객식당,제주 제주시 오현길 78-6,33.51168522,126.5258281
고국수 공항본점,제주특별자치도 제주시 용문로14길 4,33.50642588,126.509252
고기왕 하귀애월점,제주특별자치도 제주시 애월읍 하귀12길 4,33.4855706,126.4104538
고기장,제주특별자치도 제주시 서해안로 446-1,33.5175173,126.4874511
고니식당,제주 제주시 신대로 119,33.48658783,126.4967615
고등어회결사,제주 제주시 애월읍 애월해안로 941,33.48381286,126.3955338
고미횟집,제주 서귀포시 서문로 46,33.24928048,126.5575909
고사리식당,제주 제주시 삼무로3길 39,33.49029495,126.4917048
고씨네천지국수 올레시장본점,제주특별자치도 서귀포시 중앙로79번길 4,33.25174533,126.5607512
고요새,제주 선사로8길 11,33.525749,126.586677
고은물식당 제주산방산점,제주특별자치도 서귀포시 안덕면 화순해안로 110,33.23878674,126.3370279
고집돌우럭 제주공항점,제주특별자치도 제주시 임항로 30,33.51625415,126.5280585
고집돌우럭 제주함덕점,제주특별자치도 제주시 조천읍 신북로 491-9,33.54381497,126.6630989
고집돌우럭 중문점,제주특별자치도 서귀포시 일주서로 879,33.25798111,126.4167048
고흥식당,무근성7길 15 1층,33.514346,126.520158
골막식당,제주특별자치도 제주시 천수로 12,33.50247172,126.5384001
곱들락 함덕흑돼지,제주특별자치도 제주시 조천읍 함덕18길 19,33.53950106,126.6702086
곽지식당,제주특별자치도 제주시 애월읍 곽지3길 27,33.44942272,126.3044206
곽지해녀의집,제주특별자치도 제주시 애월읍 곽지11길 27,33.45375534,126.3066017
광성식당,제주 서귀포시 안덕면 화순해안로106번길 12,33.23734773,126.3349422
광주식당,제주 서귀포시 성산읍 일주동로 4188,33.45486297,126.9108344
구락,제주 서귀포시 대정읍 상모대서로 47,33.22701309,126.2583924
구이사이,제주 제주시 애월읍 일주서로 6699,33.47186766,126.3679459
구좌 만물식당 월정리세화,제주 제주시 구좌읍 세평항로 46-6,33.52672837,126.8557475
국수마당 본점,제주특별자치도 제주시 삼성로 65,33.50807077,126.5321927
국수만찬,제주 제주시 은남3길 1,33.48713155,126.4955039
국수바다 서귀포본점,제주특별자치도 서귀포시 일주서로 580,33.2529938,126.4472034
국수앤 표선칼국수,제주특별자치도 서귀포시 표선면 표선당포로 19-3,33.32626458,126.8442343
국시트멍 제주고기국수,제주특별자치도 제주시 진군길 31-3,33.47937258,126.4813281
궁중오메기떡,제주 제주시 정존11길 31,33.48612866,126.4746802
그라나다,제주 제주시 1100로 3308,33.48161779,126.4817741
그랜마스 서귀포시청점,제주특별자치도 서귀포시 신서로48번길 52,33.25279152,126.5103742
그레이그로브,제주 서귀포시 안덕면 형제해안로 70,33.22599281,126.2999907
그리운바다성산포 성산본점,제주특별자치도 서귀포시 성산읍 성산등용로 94,33.46985504,126.9300434
그시절그짬뽕,제주특별자치도 제주시 한림읍 한림북동길 7,33.41589166,126.2636302
글라글라하와이,제주 서귀포시 대정읍 하모항구로 70,33.21952335,126.251483
금갈치 동문시장점,제주특별자치도 제주시 고마로19길 2,33.50453702,126.5419751
금능식당,제주특별자치도 제주시 한림읍 한림로 224,33.38662528,126.2316717
금데기횟집,제주 서귀포시 표선면 표선당포로 19-5,33.32632553,126.8440519
금돈가 제주 애월해안도로 본점,제주 제주시 애월읍 가문동남길 63 1층,33.48429824,126.3911284
금돗 성산흑돼지,제주특별자치도 서귀포시 성산읍 성산등용로 17,33.46520951,126.9325084
금하식당,제주 서귀포시 서호호근로 77,33.2540995,126.5241597
기라네김밥,제주 제주시 정존11길 29,33.48599531,126.4748331
김서방재첩해장국,제주 제주시 원노형6길 27,33.48367879,126.4829539
김영미제첩해장국,제주특별자치도 제주시 구남로8길 4-17,33.49004135,126.5347559
김재훈고사리육개장,제주특별자치도 제주시 구남로4길 8-12,33.48880235,126.5330226
김해횟집,제주 제주시 용담로5길 25,33.51551804,126.5078531
까망돼지 서귀포점,제주특별자치도 서귀포시 일주동로 8524,33.25513672,126.5775117
까망돼지 중문점,제주특별자치도 서귀포시 색달중앙로 21,33.25740662,126.4134118
깡촌흑돼지 함덕본점,제주특별자치도 제주시 조천읍 함덕14길 2,33.54127438,126.6671355
꽁지식당,제주 제주시 고산동산5길 6,33.49562383,126.5338158
꽃가람 제주성산일출봉점,제주특별자치도 서귀포시 성산읍 고성동서로 73,33.45090459,126.9149664
꽃가마,제주특별자치도 제주시 신산로 97,33.505441,126.535911
꽃길국수 공항본점,제주특별자치도 제주시 서해안로 648,33.5161957,126.506126
꽃담수제버거,제주 서귀포시 성산읍 일출로 284-7,33.46297091,126.9360128
꽃밥,제주특별자치도 제주시 애월읍 일주서로 6059,33.451512,126.3085038
나라돈까스,제주 제주시 외도1동 450-6,33.49079493,126.4317628
나원회포차,제주 서귀포시 동문동로 2,33.24966662,126.5675962
난드르바당,제주 서귀포시 하예하동로16번길 11-1,33.23456106,126.3709745
남경미락,제주 서귀포시 안덕면 사계남로 190-7,33.23018935,126.3088992
남원식당,제주 제주시 서광로3길 6,33.50060224,126.5135329
남원흑돼지연탄골목,제주 서귀포시 남원읍 태위로495번길 7,33.2757908,126.7000871
남춘식당,제주특별자치도 제주시 청귤로 12,33.49965544,126.5375111
남호식당,제주 서귀포시 김정문화로 7,33.25252388,126.5054717
낭만팥집,제주 서귀포시 동홍서로96번길 17,33.25742828,126.571408
낭쿰낭쿰 올레시장본점,제주특별자치도 서귀포시 중앙로79번길 4,33.2517318,126.5607513
너븐,제주 서귀포시 칠십리로214번길 26,33.24538882,126.5742971
넉둥베기고사리육개장,제주특별자치도 제주시 서문로 9-1,33.50977059,126.5126309
네거리식당,제주 서귀포시 서문로29번길 20,33.24851576,126.5592881
노도 고등어회,제주특별자치도 제주시 서해안로 364,33.51076596,126.4839166
노라바,제주특별자치도 제주시 애월읍 구엄길 100,33.48279245,126.3763054
노조미,제주 제주시 국기로2길 2-3,33.47952132,126.4902347
노형삼대국수,제주특별자치도 제주시 노형동 3791-6,33.48273648,126.4787613
논짓물식당,제주특별자치도 제주시 성화로9길 10,33.51263016,126.5043812
누바비치,제주 서귀포시 대포로 148-15,33.23757909,126.4368359
누이밥집,제주 서귀포시 중산간서로 695,33.26288282,126.4408282
뉴욕버거 제주노형점,제주특별자치도 제주시 삼무로 26,33.48974608,126.4893052
늘봄흑돼지,제주 제주시 한라대학로 12,33.47947045,126.4728388
늘소담,제주 제주시 삼도2동 1192-12,33.51742185,126.5215115
니모메,제주특별자치도 제주시 일주서로 7335-8,33.49370123,126.4309214
다가미,제주 제주시 도남로 111,33.49045081,126.5286629
다니쉬,제주 제주시 조천읍 함덕16길 56,33.54212706,126.6636841
다다익고 신서귀포점,제주특별자치도 서귀포시 신중로 26-8,33.25469982,126.5077494
다다익고 정육식당 제주사수점,제주특별자치도 제주시 서해안로 317,33.50954634,126.4792313
다다익고 정육점식당 호텔더본점,제주특별자치도 서귀포시 색달로 25,33.26034348,126.4060644
다린,제주 서귀포시 법환로 11,33.23646798,126.5138881
다올국수,제주 서귀포시 중정로91번길 18,33.2497635,126.5650514
다정이네 올레시장 본점,제주특별자치도 서귀포시 동문로 59-1,33.24938989,126.5668119
다정이네김밥 서귀포신시가지점,제주특별자치도 서귀포시 이어도로 796,33.23637633,126.5001368
닥그네할망,제주 제주시 신성로10길 18,33.49527197,126.529991
담백 함덕점,제주특별자치도 제주시 조천읍 함덕19길 9,33.54130829,126.6700348
당당,제주 제주시 애월읍 중엄안1길 25,33.47443973,126.3708883
당케올레국수,제주 서귀포시 표선면 민속해안로 584,33.32524691,126.8434432
대금식당,제주 제주시 한림읍 옹포1길 6,33.40252171,126.2509642
대기정,제주 서귀포시 이어도로 41,33.2402786,126.4285478
대도식당,제주 서귀포시 솔동산로22번길 18,33.24399058,126.5624848
대도식당 연동점,제주특별자치도 제주시 은남길 31,33.48700773,126.4958601
대문집,제주  제주시  한림읍  한림로  484 대문집,33.40268735,126.2518423
대봉식당,제주 제주시 일주서로 7330,33.49270625,126.4303403
대우정,제주 서귀포시 이어도로 866-37,33.23313923,126.5069602
대춘해장국 노형점,제주특별자치도 제주시 원노형로 11,33.48761692,126.484395
대춘해장국 시청점,제주특별자치도 제주시 동광로2길 9-1,33.50062259,126.5309672
대포칼제비,제주 서귀포시 중문관광로 338,33.25023287,126.43146
대풍해장국,제주특별자치도 제주시 삼봉로 39,33.51784445,126.5889941
더놀맨,제주특별자치도 제주시 애월읍 곽지1길 22,33.44818515,126.3044756
더비치크랩 제주공항점,제주특별자치도 제주시 동한두기길 31,33.5167817,126.515247
더웨이팅,제주특별자치도 서귀포시 표선면 표선동서로 147,33.31762477,126.8288497
더클리프,제주 서귀포시 중문관광로 154-17,33.24479442,126.417791
더힐링타임,제주특별자치도 제주시 서해안로 652,33.51597926,126.5065632
덕성식당,제주 서귀포시 안덕면 사계남로 145,33.22856472,126.3054548
덕승식당,제주 서귀포시 대정읍 하모항구로 66,33.21924229,126.2513706
덕인당보리빵 제주점,제주특별자치도 제주시 연삼로 180,33.49259147,126.5116641
덤장 중문점,제주특별자치도 서귀포시 천제연로 17,33.25773504,126.408134
델문도,제주특별자치도 제주시 조천읍 조함해안로 519-10,33.54370934,126.668724
도갈비,제주특별자치도 제주시 한라대학로 85,33.47646997,126.4793013
도두반점 호텔더본점,제주특별자치도 서귀포시 색달로 18,33.25939521,126.4066804
도두해녀의집,제주특별자치도 제주시 도두항길 16,33.50617758,126.4666285
도라지식당 제주공항본점,제주특별자치도 제주시 연삼로 128,33.49270854,126.5059441
도련님갈비,제주특별자치도 제주시 일주동로 375,33.52128187,126.5851028
도민상회본점 제주한림협재흑돼지,제주특별자치도 제주시 한림읍 한림로3길 8,33.41318997,126.2602064
도연식당,제주특별자치도 제주시 고마로18길 4,33.50448571,126.541024
도진식당,제주 제주시 국기중길 27,33.47905946,126.4922868
도토리키친 본점,제주특별자치도 제주시 북성로 59,33.51538651,126.5186043
독개물항 제주한림 협재 본점,제주특별자치도 제주시 한림읍 한림로 478,33.40189022,126.2516125
돈가,제주 제주시 문송길 36,33.48643851,126.4970868
돈덕이네,제주 서귀포시 성산읍 고성중앙로 41-8,33.44893989,126.9078324
돈물국수,제주 제주시 연무정동길 2,33.51401663,126.5353999
돈블럭,제주 서귀포시 천제연로 303,33.25142205,126.4371152
돈사돈 별관,제주특별자치도 제주시 광평동로 15,33.4817045,126.4707164
돈사돈 서귀포점,제주특별자치도 서귀포시 이어도로 778-1,33.23598989,126.4984342
돈사돈 중문점,제주특별자치도 서귀포시 중문동 1884-7,33.25079752,126.4330011
돈사향 올레시장본점,제주특별자치도 서귀포시 천지로 20,33.24934128,126.5609221
돈이랑,제주 서귀포시 일주서로 953,33.25770235,126.4090914
돈이랑 성산점,제주특별자치도 서귀포시 성산읍 일출로 30,33.44748278,126.9160022
돈지식당,제주 서귀포시 대정읍 하모항구로 60,33.21874894,126.2509085
돈파스타정원,제주 제주시 애월읍 고내리 344-2번지,33.47289493,126.347498
돈풍 노형흑돼지,제주특별자치도 제주시 원노형로 23,33.4868444,126.4850796
돈풍년,제주 제주시 승천로 68,33.4925795,126.5423967
돌담너머바다 & 현무암닭강정,제주 제주시 테우해안로 44-1 야무진밥&샵인샵 현무암닭강정,33.4957157,126.4397957
돌카롱 제주공항점,제주특별자치도 제주시 서광로2길 27-2,33.49851101,126.5136475
돌카롱 중문점,제주특별자치도 서귀포시 중문로41번길 8,33.2557237,126.4243026
돗통,제주 서귀포시 안덕면 사계북로41번길 189,33.24938618,126.2978425
동귀리갈칫집,제주 제주시 월랑로 83,33.49195908,126.4722645
동남식당,제주 서귀포시 성산읍 고성오조로 86,33.45128073,126.914633
동도원 중문점,제주특별자치도 서귀포시 이어도로 189,33.23963438,126.4417404
동뜬식당,제주 서귀포시 성산읍 일출로 272-1,33.46190169,126.9343478
동백국수,제주 제주시 신성마을길 63,33.49847305,126.4866021
동백부엌,제주특별자치도 제주시 서해안로 150,33.50303849,126.4654284
동백정원,제주 서귀포시 이어도로343번길 117,33.24963573,126.4463751
동복해녀식당 구좌본점,제주특별자치도 제주시 구좌읍 동복로 5,33.55347257,126.7069472
동빵 제주동문시장점,제주특별자치도 제주시 오현길 78-11,33.51210768,126.5259177
동성식당,제주 서귀포시 대정읍 신영로 92,33.22053332,126.2527822
동완식당,제주 서귀포시 중앙로 81,33.25191579,126.5609278
동진식당 공항점,제주특별자치도 제주시 용화로 51-1,33.50970168,126.5093347
동해미락,제주 서귀포시 칠십리로 133,33.24366917,126.5682305
동해수산회센타,제주 제주시 동문로4길 9-8,33.51194518,126.5279762
동해식당,제주 제주시 조천읍 신북로 486,33.54305543,126.6619901
동환식당,제주 서귀포시 법환하로 49,33.23637634,126.5130099
두리둠비 제주서귀포본점,제주 서귀포시 중문관광로 16 1층,33.25671543,126.4146931
듀포레,제주특별자치도 제주시 서해안로 579,33.51852289,126.5001034
떠돌이식객,제주 서귀포시 성산읍 신고로22번길 37,33.4369719,126.9208443
뚱딴지 애월본점,제주특별자치도 제주시 애월읍 부룡수길 17,33.47457721,126.3548177
뜰채,제주 서귀포시 신동로67번길 100-3,33.25979202,126.5138474
라이크에그,제주 서귀포시 막숙포로 96,33.23398632,126.512192
랜딩커피,제주 서귀포시 성산읍 신양로122번길 45-1,33.43558489,126.9189473
러디스 서귀포본점,제주특별자치도 서귀포시 월드컵로 202,33.23180809,126.5056311
레이식당,제주특별자치도 제주시 구좌읍 송당5길 18,33.47314615,126.7850939
로그릭 중문점,제주특별자치도 서귀포시 천제연로 183,33.25188829,126.4241281
로맨틱새우 애월곽지본점,제주특별자치도 제주시 애월읍 곽지1길 12-12,33.44818802,126.3053091
리부아르,제주특별자치도 제주시 애월읍 애월해안로 686,33.48194581,126.3752205
리치망고 애월본점,제주특별자치도 제주시 애월읍 애월해안로 272,33.46858008,126.3401308
마노르블랑,제주 서귀포시 안덕면 일주서로2100번길 46,33.25424633,126.2946042
마농삼계탕,제주 서귀포시 김정문화로27번길 23-7,33.25407202,126.5075056
마농치킨 5호점,제주특별자치도 서귀포시 성산읍 일출로 251,33.46104329,126.9327117
마농치킨 중앙통닭 2호점,제주특별자치도 서귀포시 중앙로62번길 13,33.25039034,126.5628441
마루해물라면 제주공항점,제주특별자치도 제주시 서해안로 486-1,33.51896597,126.4911238
마시레치킨,제주특별자치도 제주시 애월읍 하귀로 61,33.48082408,126.4035528
마틸다,제주특별자치도 제주시 애월읍 고내1길 33,33.46569614,126.3342728
만강촌옛날칼국수,제주 제주시 월랑로 42,33.48929179,126.4760343
만미식당,제주 서귀포시 안덕면 사계남로 155,33.22881571,126.3066729
만배식당,제주특별자치도 제주시 도두항길 4-4,33.50600208,126.4673291
만선식당,제주 서귀포시 대정읍 하모항구로 44,33.21787686,126.2497996
만월당,제주 서귀포시 남원읍 남원체육관로 191,33.27929553,126.7058854
만족한상회 중문점,제주특별자치도 서귀포시 중문상로 58-5,33.25350518,126.4267252
만지식당,제주특별자치도 제주시 애월읍 고내로 13-1,33.46328748,126.3390598
맛나식당,제주 서귀포시 성산읍 동류암로 41,33.44857925,126.9160542
맛있수다 중문본점,제주특별자치도 서귀포시 예래로 50,33.25596849,126.4009215
망고하이,제주 서귀포시 일주서로 972,33.25823331,126.4069033
망고홀릭 애월해안도로점,제주특별자치도 제주시 애월읍 애월해안로 298,33.47053533,126.3416027
망고홀릭 제주본점,제주특별자치도 제주시 삼무로5길 2,33.49069573,126.4920048
망고홀릭 종달점,제주특별자치도 제주시 구좌읍 종달논길 18,33.49441159,126.902581
망고홀릭서귀포법환점,제주 서귀포시 막숙포로 83,33.23426043,126.5132495
맨도롱해장국,제주  서귀포시  태평로353번길  11 (서귀동),33.24708264,126.5601057
머들집,제주 서귀포시 대정읍 신영로36번길 41,33.21950614,126.247697
먹고정 서귀포올레시장본점,제주특별자치도 서귀포시 명동로 5-1,33.24723952,126.5624391
먹쿠슬낭카페,제주특별자치도 제주시 오라로 24,33.49801238,126.5070181
멍우주,제주 서귀포시 안덕면 난드르로 49-75,33.23259362,126.3673849
멜빌,제주 서귀포시 표선면 토산강왓로 7,33.30818939,126.7822678
면뽑는선생만두빚는아내 제주협재점,제주특별자치도 제주시 한림읍 일주서로 5608,33.42755048,126.2776518
명랑스낵,제주특별자치도 제주시 한림읍 한림로 585,33.40917142,126.2588172
명리동식당 애월점,제주특별자치도 제주시 애월읍 애월해안로 384-7,33.47227241,126.3495763
명원가든,제주  남제주군  성산읍 성산리  237-1,33.46471815,126.9336894
명호돗갈비 대평본점,제주특별자치도 서귀포시 안덕면 대평로 51,33.23730528,126.3623597
명호마농갈비 중문점,제주특별자치도 서귀포시 중문관광로 289,33.24625224,126.4290151
모니카옛날통닭,제주 제주시 도령로13길 16-3,33.49295848,126.4890653
모닥식탁,제주 제주시 구좌읍 한동로 134,33.53136396,126.8172263
모슬포한라전복 본점,제주특별자치도 서귀포시 대정읍 대한로 33,33.23048247,126.2451971
모이세해장국 노형점,제주특별자치도 제주시 월랑로 61,33.49035388,126.4740317
모이세해장국 법원점,제주 제주시 오복2길 31 오복2길 31,33.493543,126.536972
모이세해장국 연동점,제주특별자치도 제주시 연동11길 42,33.48621011,126.4930585
모이세해장국 중앙점,제주특별자치도 제주시 관덕로6길 11,33.5120844,126.5222046
모이세해장국모슬포점,제주특별자치도 서귀포시 대정읍 동일하모로 201,33.22603437,126.2527404
목포고을,제주 서귀포시 일주서로 968-5,33.25845457,126.4072189
몬스터살롱 애월,제주 제주시 애월읍 곽지리 1669-1,33.44827778,126.3072347
몰질식육식당,제주특별자치도 서귀포시 이어도로 598,33.2353653,126.4802629
무슈부부커피스탠드 관덕정,제주특별자치도 제주시 관덕로 22,33.51295651,126.5215755
무한의 서 커피로스터스,제주특별자치도 제주시 한림읍 옹포8길 5,33.40462597,126.2551128
문치비 서귀포신시가지점,제주특별자치도 서귀포시 신서로32번길 14,33.25285372,126.5060385
문화통닭,제주 서귀포시 성산읍 고성오조로 81,33.45089063,126.9143582
물,제주 제주시 삼무로11길 9,33.49260514,126.4963347
물항식당 탑동점,제주특별자치도 제주시 임항로 37-4,33.51690901,126.529084
미국식 제주점,제주특별자치도 제주시 노형동 1271-7,33.490239,126.479983
미보식당,제주 제주시 서광로2길 11-7,33.49920444,126.5135029
미스칠,제주 제주시 일주서로 7831,33.49393467,126.4833669
미영이네,제주특별자치도 서귀포시 대정읍 하모항구로 42,33.21774364,126.2498289
미진식당,제주 제주시 한림읍 한림해안로 145-1,33.416042,126.261605
미풍해장국 모슬포점,제주특별자치도 서귀포시 대정읍 신영로36번길 35,33.21983685,126.2470864
미풍해장국 서귀포점,제주특별자치도 서귀포시 동홍로12번길 3,33.24973078,126.5681312
미풍해장국 서귀포직영점,제주특별자치도 제주시 중앙로14길 13,33.51126656,126.5228807
미풍해장국 연동점,제주특별자치도 제주시 제원길 7,33.48923968,126.4895976
미풍해장국 제주항점,제주특별자치도 제주시 임항로 80,33.51763964,126.533943
미풍해장국 한림점,제주특별자치도 제주시 한림읍 한림상로 207,33.41688429,126.2683502
미향해장국 남원점,제주특별자치도 서귀포시 남원읍 태위로 623,33.27770561,126.7131726
미향해장국 동홍점,제주특별자치도 서귀포시 동홍남로 37,33.25705353,126.5722215
미향해장국 본점,제주특별자치도 서귀포시 일주서로 962,33.25837968,126.4079408
미향해장국 성산점,제주특별자치도 제주시 애월읍 중엄3길 52,33.47751629,126.3714696
미향해장국 중문점,제주특별자치도 서귀포시 일주서로 962,33.25837968,126.4079408
미향해장국 표선점,제주특별자치도 서귀포시 표선면 표선동서로 139,33.31703611,126.8282763
바다다,제주 서귀포시 대포로 148-15,33.23757909,126.4368359
바다를본돼지 서귀포올레시장점,제주특별자치도 서귀포시 칠십리로 123,33.24307483,126.5675802
바다멍,제주 제주시 한림읍 한림로 335,33.39362674,126.2403519
바다속고등어쌈밥 제주애월본점,제주특별자치도 제주시 애월읍 일주서로 7089,33.48428558,126.4068108
바다의집,제주 서귀포시 성산읍 병문로 236,33.46210553,126.9100877
바다풍경횟집,제주 제주시 서해안로 654,33.516173,126.5068409
바당국수,제주 서귀포시 동문동로 21-1,33.25042861,126.5656522
바당길,제주특별자치도 제주시 한림읍 한림서길 18,33.40975029,126.2585241
바당칼국수,제주 서귀포시 안덕면 대평감산로 35,33.23793109,126.3660197
바로족발보쌈별관,제주 제주시 진군중길 3,33.47849015,126.4796339
바바램,제주 제주시 도남로 21,33.49819517,126.5256156
바삭돈가스 애월해안도로점,제주 제주시 애월읍 애월해안로 724,33.48385078,126.378144
바이러닉 에스프레소 바 제주점,제주특별자치도 제주시 테우해안로 96,33.49767605,126.4445686
배스킨라빈스 제주성산점,제주특별자치도 서귀포시 성산읍 일주동로 4280,33.44645428,126.9124336
백기해녀의집,제주 서귀포시 성산읍 일출로 88-19,33.44983426,126.9224597
백년해장국 표선성읍점,제주특별자치도 서귀포시 표선면 서성일로 31,33.39482475,126.8006338
백록집 제주함덕점,제주특별자치도 제주시 조천읍 함덕로 24,33.54181199,126.6726417
백록횟집,제주 서귀포시 동문동로 6,33.24982702,126.5674326
백한철꽈배기&식빵,제주특별자치도 서귀포시 남원읍 남한로21번길 56,33.28136939,126.7114184
버거요 제주본점,제주특별자치도 제주시 애월읍 곽지1길 26,33.44841917,126.3042436
버드나무집,제주 제주시 조천읍 신북로 540,33.541486,126.667352
버드랜드,성신로2길 23-5,33.49277,126.487512
번네식당,제주  서귀포시  안덕면  산방로  16 번네식당,33.24571611,126.3297053
벌집식당,제주 서귀포시 태평로 416,33.24473726,126.5646829
범일분식,제주특별자치도 서귀포시 남원읍 태위로 658,33.27845175,126.7169239
벙커하우스,제주 서귀포시 막숙포로41번길 66,33.24071393,126.5191273
베릴,제주 제주시 한림읍 협재1길 19-8,33.3975721,126.2426584
별미해장국 본점,제주특별자치도 제주시 조천읍 신북로 608,33.540135,126.674478
보래드 베이커스,제주특별자치도 서귀포시 보목로64번길 178,33.24439868,126.5905662
보룡제과,제주 서귀포시 성산읍 고성오조로 48-1,33.44800394,126.9152224
보리타작 제주산방산점,제주특별자치도 서귀포시 안덕면 사계로114번길 54-12,33.24251562,126.3049501
복집식당,제주 제주시 비룡길 5,33.51259795,126.5184508
복희해장국,제주 제주시 임항로 29,33.51665222,126.5280472
본가 호텔더본제주점,제주특별자치도 서귀포시 색달로 18,33.25954121,126.4064777
봉주르마담,제주 서귀포시 대청로 33,33.25275061,126.5033324
부뚜막식당,제주 서귀포시 성산읍 고성오조로 11,33.44510396,126.9135377
부영식당,제주 제주시 조천읍 신흥관전길 60-1 1층,33.546343,126.6493
부전식당,제주 서귀포시 성산읍 성산중앙로 36,33.46289315,126.9332599
부촌,제주 서귀포시 성산읍 동류암로 33,33.44899349,126.9170278
북교해바라기,제주 제주시 중앙로 46-8,33.51442412,126.5241564
불턱버거,제주특별자치도 서귀포시 일주서로570번길 1,33.25311497,126.4480933
뷰스트,제주 서귀포시 안덕면 형제해안로 30,33.22782533,126.3034631
브라보,제주 제주시 산지로 19,33.51520961,126.5295569
블루메베이글,제주 제주시 가령로4길 3,33.4966891,126.5331738
블루메베이글 노형점,제주특별자치도 제주시 노형1길 43,33.47970852,126.4775927
비마이게스트,제주 제주시 한림읍 한림로 406,33.39797306,126.2455093
비주비주 한림점,제주특별자치도 제주시 한림읍 한림해안로 9,33.40590588,126.2549062
빠빠라기,제주 제주시 중앙로 218,33.49998799,126.5292979
빠빠라기 신제주점,제주특별자치도 제주시 신광로 45,33.48801964,126.4902074
빵귿,제주 제주시 구남동6길 45-1,33.48710148,126.5351323
뼈대감 본점,제주 제주시 한림읍 동명북1길 13,33.411647,126.26427
뽈살집 본점,제주특별자치도 서귀포시 중정로91번길 41,33.25082854,126.5628473
뽈살집한림점,제주특별자치도 제주시 한림읍 한림상로 194,33.41565982,126.2692485
사계바다 통갈치조림구이 제주산방산점,제주 서귀포시 안덕면 형제해안로 26 1층 사계바다,33.22784216,126.3038182
사계의시간,제주 서귀포시 안덕면 사계남로 214,33.23228205,126.3089769
사계전복 산방산본점,제주특별자치도 서귀포시 안덕면 사계로 207,33.2484201,126.3031436
사계해녀의집,제주 서귀포시 안덕면 형제해안로 13-1,33.22785642,126.3050823
산방산초밥,제주 서귀포시 안덕면 화순로 119,33.2462711,126.3334393
산방식당,제주 서귀포시 대정읍 하모이삼로 62,33.22344942,126.2543547
산방식당 제주점,제주특별자치도 제주시 구남로8길 10-5,33.490184,126.5360098
산방흑돼지순대본점,제주특별자치도 서귀포시 안덕면 사계로114번길 53-27,33.24405767,126.3040345
산우정,제주 제주시 은남4길 29,33.48623131,126.4926467
산지물,제주 제주시 임항로 26,33.51631321,126.5275901
산지해장국,제주 제주시 임항로 34,33.51635125,126.5285151
산지해장국 노형직영점,제주특별자치도 제주시 노형9길 16-1,33.48327474,126.4764104
산지해장국 대정점,제주특별자치도 서귀포시 대정읍 상모로250번길 2,33.224408,126.26213
산지해장국 삼양점,제주특별자치도 제주시 일주동로 332-1,33.52103437,126.5804162
산지해장국 서귀포점,제주특별자치도 서귀포시 월드컵로 16,33.24816599,126.506904
산지해장국 성산점,제주특별자치도 서귀포시 성산읍 성산중앙로 30-4,33.46229032,126.9329087
산지해장국 외도점,제주특별자치도 제주시 우령8길 58,33.48610882,126.4271729
산지해장국 중문점,제주특별자치도 서귀포시 천제연로185번길 12-1,33.25280069,126.4248991
삼강식당 본점,제주특별자치도 서귀포시 신서로102번길 53,33.25949067,126.5117663
삼강식당 중문점,제주특별자치도 서귀포시 천제연로178번길 3,33.2514097,126.4235818
삼계별장,제주 제주시 연북로 599,33.48923989,126.5423778
삼대국수회관 본점,제주특별자치도 제주시 삼성로 41,33.50690145,126.5300594
삼대국수회관 서귀포직영점,제주특별자치도 서귀포시 중앙로 20,33.246647,126.562168
삼대국수회관 신제주점,제주특별자치도 제주시 신대로20길 32,33.48385759,126.4932121
삼대국수회관협재점,제주특별자치도 제주시 한림읍 금능남로 51,33.38359703,126.2353523
삼도제과,제주 제주시 중앙로 196,33.50180389,126.5280941
삼무국수,제주 제주시 연동 271-10,33.49059277,126.4909894
삼무국수 2호점,제주특별자치도 서귀포시 성산읍 고성오조로 74-1,33.45037433,126.9148023
삼무국수 서귀포3호점,제주특별자치도 제주시 연동 271-10,33.49084,126.491028
삼미횟집 제주공항점,제주특별자치도 제주시 도두항서5길 1,33.50459088,126.463726
삼미흑돼지 중문점,제주특별자치도 서귀포시 색달중앙로 33,33.25857891,126.4134512
삼백식당,제주 서귀포시 예래로 466-1,33.23500968,126.3687454
삼보식당,제주 서귀포시 중정로 25,33.24770297,126.5591727
삼성혈해물탕 서귀포점,제주특별자치도 서귀포시 서호남로32번길 31-1,33.24880795,126.5142379
삼영식당,제주 제주시 애월읍 일주서로 6748,33.473286,126.372705
삼일식당,제주특별자치도 제주시 한림읍 한림상로 92,33.40858655,126.2635543
삼일해장국,제주특별자치도 제주시 애월읍 하귀9길 14,33.48564133,126.4151069
삼해횟집,제주 제주시 우평로 354,33.4841967,126.4290091
새물,제주 제주시 애월읍 애월해안로 620,33.47868198,126.3698945
새물국수,제주 서귀포시 안덕면 화순해안로 63,33.24122428,126.3335888
색달바당,제주 서귀포시 색달로 99,33.26209925,126.4138088
생원전복,제주 서귀포시 안덕면 산방로 7,33.24586442,126.3306788
샤브마니아 제주노형점,제주특별자치도 제주시 한라대학로 25,33.47921704,126.474368
샤브마니아 제주아라점,제주특별자치도 제주시 연북로 527,33.48523203,126.5361417
샤브마니아제주외도점,제주 제주시 우령서로 73,33.4857581,126.4270119
서귀포고기국수,제주 서귀포시 소암로12번길 21,33.24308792,126.5670812
서영횟집,제주 서귀포시 중정로91번길 50-1,33.25150725,126.5622437
서울앵무새 제주,제주특별자치도 서귀포시 색달중앙로 162,33.26965137,126.4166379
서진향해장국 성산점,제주특별자치도 서귀포시 성산읍 한도로 200,33.46818662,126.9292691
석경초밥,제주 서귀포시 천지로 18,33.24917565,126.5609942
석이네식당,제주 서귀포시 신서귀로 26,33.25130874,126.5109006
선미식당 제주성산일출봉점,제주특별자치도 서귀포시 성산읍 일출로 281,33.46270241,126.9346962
선영횟집,제주 서귀포시 칠십리로 61-1,33.2401066,126.5631741
선유식당,제주 서귀포시 대정읍 하모항구로 72-1,33.21989485,126.251615
섬나라오메기떡,제주특별자치도 제주시 용해로 6,33.51672039,126.5020641
섬소나이 위미점,제주특별자치도 서귀포시 남원읍 위미해안로 18,33.27305539,126.6577345
섬오름 해물라면,제주특별자치도 제주시 조천읍 조함해안로 355-7,33.54980508,126.6558612
섬타르 제주공항점,제주특별자치도 제주시 다랑곶1길 9,33.48758031,126.478232
섭지코지로 성산본점,제주특별자치도 서귀포시 성산읍 한도로242번길 14,33.46566304,126.9325349
섭지해녀의 집,제주특별자치도 서귀포시 성산읍 섭지코지로 93-15,33.43452759,126.9260327
성미식당,제주 제주시 서광로18길 18,33.4983126,126.5203407
성산물고기자리,일출로 257,33.4615,126.933238
성산바다풍경 제주성산일출봉점,제주특별자치도 서귀포시 성산읍 일출로288번길 17,33.46472622,126.9358435
성산을본고등어쌈밥 제주성산일출봉점,제주특별자치도 서귀포시 성산읍 성산중앙로64번길 5-4,33.46438356,126.9357577
성산일출봉 어멍횟집,제주 서귀포시 성산읍 일출로 29 성산일출봉 어멍횟집,33.44788471,126.9159834
성산카페 호랑호랑,제주특별자치도 서귀포시 성산읍 고성리 235,33.44958633,126.9216392
성산포 자연산 회센타,제주특별자치도 서귀포시 성산읍 성산중앙로25번길 12,33.4631626,126.9320367
성산흑돼지 흑돈쭐,제주특별자치도 서귀포시 성산읍 성산중앙로 72,33.46548335,126.935417
성산흑돼지두루치기,제주 서귀포시 성산읍 한도로 255,33.46617943,126.9348118
성안식당,제주특별자치도 제주시 애월읍 애월로11길 5,33.46481278,126.3201879
세화다퍼주는횟집,제주특별자치도 제주시 구좌읍 세평항로 19,33.52534888,126.8537141
세화통닭,제주특별자치도 제주시 구좌읍 구좌로 34-1,33.52330945,126.8552343
소낭 비프 하우스 제원,제주특별자치도 제주시 신광로4길 1,33.48875995,126.4895768
소낭집,제주 서귀포시 막숙포로37번길 12,33.23815746,126.5164452
소담명가 찰솥밥 본점,제주특별자치도 서귀포시 천제연로 357,33.25247319,126.4426739
소소,제주 제주시 서광로19길 34,33.50285147,126.5206724
소소식당,제주 서귀포시 대포로 81,33.24256291,126.4323803
솔동산고기국수 서귀포올레시장본점,제주특별자치도 서귀포시 부두로 23,33.242944,126.5652246
솔솥 서귀포점,제주특별자치도 서귀포시 신동로 119,33.25912553,126.5143032
송림식당,제주 제주시 신대로14길 34,33.48793989,126.493026
송이축산정육식당,제주특별자치도 제주시 달마루길 20-9,33.49034135,126.4734185
송정식당 갈치조림구이 서귀포올레시장본점,제주 서귀포시 동문동로 32,33.25115806,126.5651529
수눌음,제주 서귀포시 대정읍 하모항구로 50,33.2181686,126.2500297
수란식당,제주특별자치도 서귀포시 남원읍 태위로723번길 8-4,33.28093705,126.7235124
수선화식당,제주특별자치도 제주시 천수로6길 29,33.50095473,126.543125
수애기베이커리카페,제주 서귀포시 대정읍 동일하모로98번길 48-59,33.22227044,126.2442523
수정식당,제주 서귀포시 대정읍 신영로 93-3,33.22101973,126.2527511
수희식당,제주 서귀포시 태평로 377,33.24546444,126.5612911
숙성도 중문점,제주특별자치도 서귀포시 일주서로 1101,33.26279684,126.3954122
숙성도 함덕점,제주특별자치도 제주시 조천읍 함덕로 40,33.542394,126.6711257
숙성돈가 제주중문본점,"제주 서귀포시 중문관광로 312 1, 2층 숙성돈가",33.248116,126.430616
숙자네숟가락젓가락 구좌읍세화본점,제주특별자치도 제주시 구좌읍 세평항로 45-2,33.52742753,126.85487
순두부엔짬뽕,제주 제주시 통물길 30,33.48942731,126.4348325
순수한둠비 연동점,제주특별자치도 제주시 연화로2길 34,33.47797706,126.4904921
순심이네한우흑돼지,제주 서귀포시 안덕면 산방로 3,33.24612138,126.3312151
순옥이네,제주 서귀포시 성산읍 고성오조로 76,33.45047058,126.914783
순옥이네명가,제주특별자치도 제주시 도공로 8,33.50551593,126.4649816
순이네,제주특별자치도 제주시 구좌읍 해맞이해안로 2196,33.50365241,126.9126333
순이네해장국,제주 제주시 오복4길 8,33.4954191,126.5363265
순풍해장국이도점,제주 제주시 이도2동 1981-9,33.4892694,126.5400669
순희네흑돼지,제주 제주시 애월읍 애월해안로 384-8,33.47234045,126.3491867
숲숲 포 레스트,제주특별자치도 서귀포시 김정문화로41번길 14-6,33.25247265,126.5099939
쉬멍해장국 중문점,제주특별자치도 서귀포시 천제연로 85,33.25527317,126.4148984
쉼표,제주 제주시 한림읍 한림로 359,33.39525417,126.2419527
스시고,제주 제주시 신설로11길 7,33.4918815,126.5442187
스시도모다찌 제주점,제주특별자치도 제주시 광양8길 1,33.4999775,126.5291843
스시도모다찌 칠성점,제주특별자치도 제주시 관덕로13길 3,33.51348663,126.5257918
스테이위드커피,제주 서귀포시 안덕면 형제해안로 32,33.22780467,126.3032704
슬랩,제주 제주시 한림읍 한림로 354,33.39478108,126.2416506
슬로보트,제주특별자치도 제주시 애월읍 하귀2길 46-16,33.4901007,126.4143678
시골길,제주 서귀포시 태평로371번길 11,33.24571391,126.5618128
시로코,제주특별자치도 제주시 용마서1길 27-7,33.51635522,126.504756
시스터필드,제주 서귀포시 월드컵로 8,33.2489584,126.507378
식과함께,제주 서귀포시 안덕면 화순로142번길 11-9,33.24745318,126.330155
식당 마요네즈,제주특별자치도 제주시 다랑곶3길 18,33.48891834,126.478678
신설오름,제주특별자치도 제주시 고마로17길 2,33.5054317,126.54157
신옛촌 산방산점,제주특별자치도 서귀포시 안덕면 사계로 187-6,33.2469511,126.3022904
신우성흑돼지,제주 서귀포시 중문관광로72번길 29-9,33.24963581,126.4114158
신의한근,제주특별자치도 제주시 원당로 44-1,33.52477415,126.5909205
신의한모,제주 제주시 애월읍 하귀1리 1620-4,33.485638,126.408053
신제주보말칼국수 제주본점,제주특별자치도 제주시 선덕로5길 19,33.48791501,126.499935
신창흑돼지두루치기,제주 서귀포시 대정읍 동일하모로 182,33.22587604,126.2506057
신해바라기,제주 제주시 관덕로13길 13,33.51420176,126.5259253
신해바라기분식 한라대점,제주특별자치도 제주시 정원로 47,33.47777998,126.4778001
신해바라기제2호점,제주특별자치도 제주시 신산로 67,33.50777008,126.5342241
싱푸미엔관,제주 제주시 구남로2길 32,33.4869858,126.5344994
쌍둥이횟집본점,제주 서귀포시 중정로62번길 14,33.24660121,126.5629142
아구식당,제주 제주시 일주동로 355,33.52169,126.583001
아뜰리에안,제주 서귀포시 막숙포로 166,33.23150482,126.506001
아라파파,제주 제주시 국기로3길 2,33.47844752,126.4908988
아베베베이커리,제주 제주시 동문로6길 4,33.51262167,126.5287612
아뽀밍고,제주 서귀포시 성산읍 일출로 230,33.45998617,126.9307353
안거리밖거리,제주 서귀포시 솔동산로 6-1,33.24427146,126.5641648
안녕협재씨 제주협재점,제주특별자치도 제주시 한림읍 금능길 12,33.38663212,126.2249417
안다미로 늘봄 흑염소,제주특별자치도 제주시 구남로6길 45,33.48697421,126.5369447
안성식당,제주 제주시 동문로4길 17-4,33.51171925,126.5271729
앙끄레국수 서귀포본점,제주특별자치도 서귀포시 법환상로2번길 97-18,33.24764727,126.5118622
앙뚜아네트,제주특별자치도 제주시 서해안로 671,33.51618484,126.5088353
앞뱅디식당,제주 제주시 선덕로 32,33.48537311,126.499935
애월 갈치 암행어사,제주특별자치도 제주시 애월읍 애월로11길 27,33.46693809,126.3205672
애월 고불락,제주특별자치도 제주시 애월읍 고내로7길 45-12,33.46671489,126.3366187
애월 삼육공본점 숙성흑돼지,제주특별자치도 제주시 애월읍 중엄3길 50,33.47796295,126.3715438
애월 우니담,제주특별자치도 제주시 애월읍 고내로13길 107,33.47249733,126.3484558
애월 해성도뚜리,제주특별자치도 제주시 애월읍 애월해안로 682,33.48192081,126.3750895
애월당 제주공항점,제주특별자치도 제주시 애월읍 애월북서길 56,33.46395734,126.3092893
애월더선셋,제주특별자치도 제주시 애월읍 일주서로 6111,33.45612658,126.3088759
애월리순메밀막국수,제주특별자치도 제주시 애월읍 애월해안로 11,33.46563473,126.3163627
애월미깡창고,제주특별자치도 제주시 애월읍 중산간서로 6710-1,33.46028057,126.4451277
애월빵공장 앤 카페,"제주 제주시 애월읍 금성5길 42-15 1층, 2층 애월빵공장 앤 카페",33.44830608,126.3015608
애월아시시,제주 제주시 애월읍 애월해안로 474,33.47762859,126.3549926
애월연어 노형점,제주특별자치도 제주시 노형8길 7,33.48435869,126.4779629
애월연어 시청점,제주특별자치도 제주시 중앙로 266,33.4961304,126.5317996
애월연어 제주함덕점,제주특별자치도 제주시 조천읍 조함해안로 496,33.54246343,126.6657398
애월전분공장카페,제주특별자치도 제주시 애월읍 신엄리 929,33.47880852,126.3703482
애월찜 애월점,제주특별자치도 제주시 애월읍 애월해안로 454-5,33.4765843,126.3541573
애월포구횟집,제주특별자치도 제주시 애월읍 가문동길 43,33.48626981,126.392079
애월항포구횟집,제주특별자치도 제주시 애월읍 애월로11길 22,33.46611935,126.3208769
애월회포장센터 애월밤바다,제주 제주시 애월읍 하귀1리 229-5,33.48714746,126.4166221
애월흑돼지 하귀 흑생,제주특별자치도 제주시 애월읍 하귀9길 54-5,33.48252072,126.4148707
양식당,제주시 성화로 5길 5,33.511836,126.503632
양평해장국 서귀포점,제주특별자치도 서귀포시 칠십리로 61,33.2400107,126.5628271
양혜란식당,제주 서귀포시 서호남로32번길 41,33.24977526,126.5146071
어도식당,제주 서귀포시 대정읍 최남단해안로 32,33.21768395,126.2521095
어멍국수,제주  서귀포시  안덕면  화순로  101 어멍국수,33.24655379,126.3356979
어멍뚝배기 올레시장본점,제주특별자치도 서귀포시 부두로 35,33.24189339,126.5649079
어반정글,제주 서귀포시 성산읍 신고로22번길 39,33.43694738,126.921135
어부촌,제주 서귀포시 칠십리로 67,33.23984017,126.5637866
어조횟집 성산일출봉점,제주특별자치도 서귀포시 성산읍 일출로 233,33.46044087,126.9308125
어진식당,제주 서귀포시 안덕면 화순중앙로 109,33.24239887,126.3357982
엉덩물,제주 제주시 성두길 7-7,33.49096515,126.4949212
엉클프레즐하우스,제주 제주시 조천읍 함덕27길 18-2,33.5413396,126.6743013
에니스케리,제주 제주시 한림읍 한림로 361,33.39540096,126.2421325
에오마르,제주특별자치도 제주시 선사로8길 13-6,33.52573612,126.5865681
에이바우트커피 구남점,제주특별자치도 제주시 도남로 199,33.48508847,126.5353634
엘파소,제주 서귀포시 안덕면 화순로 191-43,33.24533156,126.3259143
연경가든,제주  제주시  삼도2동 803-13,33.50989788,126.520348
연돈,제주 서귀포시 일주서로 968-10,33.2589039,126.4071702
연미정,제주 제주시 구좌읍 세평항로 14 연미정,33.524782,126.853945
연정식당,제주 제주시 신광로10길 29,33.48378858,126.4867715
연한돈,제주 제주시 선덕로 6,33.48549506,126.4973506
영건식당,제주 제주시 신대로16길 44,33.48712091,126.4916629
영복갈비,제주 제주시 우정로5길 5,33.49041609,126.4317481
영복갈비 제주본점,제주특별자치도 제주시 월랑로 82,33.49203602,126.4729175
영성식당,제주  서귀포시  대정읍  동일하모로  211,33.22592845,126.253694
영웅식당 제주 산방산점,제주특별자치도 서귀포시 안덕면 화순로 102-1,33.24681609,126.3354221
영육일삼,제주 서귀포시 이어도로 679,33.23443797,126.4883348
영지식당,제주 서귀포시 성산읍 한도로242번길 10-13,33.46659684,126.9319774
영천횟집 탑동본점,제주특별자치도 제주시 서부두길 26,33.5184034,126.5284946
영춘식당,제주 제주시 평전길 12,33.50089716,126.519339
예소담 도두점,제주특별자치도 제주시 도두항서길 13,33.50556834,126.4662641
옛날통닭,제주 서귀포시 신서귀로 39,33.25256056,126.5107828
오누이찐빵,제주특별자치도 제주시 공설로 27,33.4977628,126.517134
오는정김밥,제주 서귀포시 동문동로 2,33.24966662,126.5675962
오늘의바다,제주 서귀포시 이어도로 990,33.241899,126.518423
오드랑베이커리,제주 제주시 조천읍 조함해안로 552-3,33.54213165,126.6716514
오또도넛,제주 서귀포시 중문상로 87,33.25590695,126.4274203
오뚜기빵집,제주특별자치도 서귀포시 남원읍 태위로 129,33.27499523,126.6611843
오랑우탄면사무소,제주 서귀포시 안덕면 산방로 367-1,33.2311717,126.2976376
오랑우탄면사무소 혁신도시점,제주특별자치도 서귀포시 안덕면 산방로 367-1,33.23120383,126.2975459
오롯,제주 제주시 신설로11길 2-10,33.49099271,126.5444132
오롯이,제주 서귀포시 중앙로101번길 18,33.25359541,126.5588185
오병이어,제주 서귀포시 월드컵로 161-1,33.235268,126.507042
오직흑돼지 제주공항본점,제주특별자치도 제주시 용마로 24,33.51521185,126.5062963
오쿠다 공항점,제주특별자치도 제주시 용문로18길 60-5,33.50277022,126.5100088
오크라,제주  제주시  한림읍  귀덕14길  57-2 오크라,33.43878758,126.2960775
오현불백 제주 동문시장점,제주특별자치도 제주시 성지로 58-2,33.51102542,126.5296099
오후새우시,제주 서귀포시 천제연로 184,33.25159241,126.4241819
옥만이네 협재본점,제주특별자치도 제주시 한림읍 한림해안로 160,33.41647865,126.263335
올래국수,제주 제주시 귀아랑길 24,33.49150806,126.4973113
올래국수 서귀포점,제주특별자치도 서귀포시 태평로353번길 22-5,33.24708111,126.5612392
올레마당 제주산방산점,제주특별자치도 서귀포시 안덕면 사계남로 224,33.23315113,126.3087792
올레삼다정,제주 서귀포시 태평로537번길 48,33.2531005,126.5698366
올레안뜰,제주  서귀포시  법환로  24 (법환동),33.23715156,126.5129967
옹포바다횟집,제주특별자치도 제주시 한림읍 옹포1길 24,33.40385968,126.2516773
와랑와랑,제주 서귀포시 태평로 399-1,33.24475313,126.5629337
와토커피,제주 서귀포시 대정읍 동일하모로 238,33.22537435,126.256612
외도339,제주 제주시 일주서로 7345,33.49374194,126.4316774
외도식당,제주 제주시 도근내길 33,33.49233597,126.434565
용꽈배기,제주 제주시 수덕5길 85-7,33.48170015,126.4716054
용꽈배기삼양점,제주특별자치도 제주시 설촌로6길 23,33.52302336,126.5839147
용두암 엄마 해장국,제주특별자치도 제주시 용마로 24,33.51523789,126.5062703
용두암 해녀촌,제주특별자치도 제주시 용해로 11,33.51633276,126.5025259
용두암해촌,제주특별자치도 제주시 서해안로 614,33.51698814,126.5027299
용림식당,제주 서귀포시 안덕면 사계남로 170-1,33.22844653,126.3080317
용연횟집,제주 제주시 동한두기길 35,33.51648946,126.5151663
용이식당,제주 서귀포시 중앙로79번길 12,33.25131363,126.5603153
용이식당 중문점,제주특별자치도 서귀포시 중문상로 32,33.25121246,126.4253816
용이식당외도점,제주 제주시 우령2길 19-2,33.48725588,126.4320848
용출횟집,제주 제주시 서해안로 660,33.51551804,126.5078531
우도해장국,제주 서귀포시 성산읍 성산등용로 100-6,33.47022039,126.9308141
우리솥해장국,제주 제주시 연삼로 10,33.49346157,126.4933607
우성식당,제주 서귀포시 색달중앙로 77,33.26216994,126.4122836
우심 제원노형,"제주 제주시 노형11길 18 1층, 우심 노형동점",33.48337415,126.4776634
우정해장국,제주특별자치도 제주시 한림읍 한림상로 139,33.41157616,126.2671992
우진해장국,제주 제주시 서사로 11,33.51150866,126.5200946
운산장어구이,제주특별자치도 서귀포시 중앙로47번길 21,33.24819254,126.559374
웅이네식당,제주 서귀포시 성산읍 고성오조로 87-8,33.45157202,126.9139195
원앤온리,제주 서귀포시 안덕면 산방로 141,33.23921829,126.3191859
원영식당,제주 제주시 서광로18길 9,33.49908264,126.5206504
원조 삼성혈해물탕 1호점,제주 제주시 도두항서7길 23 1층,33.50408,126.465376
원조 삼성혈해물탕 본점,제주특별자치도 제주시 선덕로5길 20,33.48797717,126.4996979
원풍해장국 함덕점,제주특별자치도 제주시 조천읍 함덕24길 6-6,33.53940551,126.6749892
월드베이커리,제주 서귀포시 성산읍 서성일로 1231,33.44716655,126.91021
위미항활어회센터,제주특별자치도 서귀포시 남원읍 위미중앙로196번길 6-37,33.27035162,126.6640992
윌라라,제주 서귀포시 성산읍 성산중앙로 33,33.46302458,126.9328172
유동커피,제주 서귀포시 태평로 406-2,33.24447619,126.5639361
유리네식당,제주 제주시 연동 427-1,33.48147112,126.4971081
유선식당,제주 제주시 중앙로2길 5,33.51648958,126.524229
육떡식당 문어떡볶이 본점,제주특별자치도 서귀포시 천제연로178번길 19,33.25025245,126.4236753
윤꽈배기,제주 서귀포시 천제연로 214,33.25142692,126.4274899
윤옥 본점,제주특별자치도 제주시 구남동2길 19-4,33.48919048,126.5357784
은갈치김밥,"제주시 특별자치도, 용마서길 30",33.515361,126.501823
은성식당,제주 제주시 애월읍 하귀로23길 1,33.480417,126.40273
은희네해장국,제주 제주시 외도1동 532-8,33.48816468,126.4333704
은희네해장국 2호점,제주특별자치도 제주시 연북로 178,33.48139613,126.5002909
은희네해장국 이도점,제주특별자치도 제주시 남광로 10,33.49228073,126.5375987
이금돈지,제주 제주시 연동 293-44,33.48608398,126.4953607
이레밥상,제주 제주시 중앙로 46-5,33.5142705,126.5241267
이모밥상 제주공항본점,제주특별자치도 제주시 연북로 173,33.48193028,126.4999457
이순신김밥,제주 제주시 애월읍 애월해안로 482-1,33.47782986,126.3558925
이스틀리카페,제주특별자치도 서귀포시 성산읍 산성효자로114번길 131-1,33.45607516,126.9084
인그리드,제주특별자치도 제주시 서해안로 64,33.50255326,126.4566831
인희네국수,제주 제주시 중앙로 87,33.51042067,126.5241168
일미도,제주특별자치도 제주시 구좌읍 면수길 52-1,33.52500521,126.8655053
일성식당,제주 서귀포시 안덕면 산방로 372,33.23140772,126.2970967
일송회수산,제주특별자치도 서귀포시 남원읍 위미중앙로196번길 13,33.27181384,126.6636814
일억조,제주특별자치도 제주시 한림읍 한림상로 140,33.41127262,126.2675544
일통이반,제주 제주시 중앙로2길 25,33.51705896,126.5220774
일품순두부 시청점,제주특별자치도 제주시 중앙로 260,33.49672993,126.5315521
임순이네밥집,제주특별자치도 제주시 애월읍 곽지9길 8-1,33.45248155,126.3077594
임춘식당,제주 제주시 만덕로 25,33.51424858,126.5321456
잇뽕사계,제주 서귀포시 안덕면 사계로114번길 54-12,33.24245831,126.3048219
자덕식당,제주 서귀포시 안덕면 사계남로 202,33.23110725,126.3087743
자리돔,제주 제주시 신대로18길 39,33.48457721,126.4922988
자리돔횟집,제주 서귀포시 동홍동로 7,33.25555502,126.5747329
자매국수,제주특별자치도 제주시 항골남길 46,33.4985772,126.4591443
자연과사람들 밀면,제주특별자치도 제주시 조천읍 남조로 2185,33.46047476,126.6610766
자영식당,제주 제주시 서광로4길 10,33.4991214,126.5140962
작산 애월흑돼지,제주특별자치도 제주시 애월읍 가문동길 4,33.48394174,126.3949917
잔물결,제주특별자치도 제주시 한림읍 금능길 58-1,33.38819199,126.2297406
잘도식당,제주 제주시 중앙로15길 16,33.51071587,126.5254356
장가네 해장국,제주특별자치도 서귀포시 중문동 2128-1,33.25046847,126.4237887
장가네일품순두부 신시가지점,제주 서귀포시 서호남로32번길 31,33.248793,126.514249
장수물식당,제주 제주시 연문2길 18,33.49192058,126.4986169
장수애섬식당,제주 서귀포시 남성중로 2-3,33.24337213,126.5596837
장승포식당 성산 서귀포점,제주 서귀포시 성산읍 동류암로 32 장승포식당,33.449399,126.916936
장인의집 제주탑동점,제주특별자치도 제주시 동문로4길 17,33.5120293,126.5273485
장인의집[본점],제주 제주시 애월읍 애월로19길 31 장인의집 애월 본점,33.465954,126.326924
장춘식당,제주 제주시 동문로4길 9-6,33.51207048,126.5278988
재벌식당,제주 제주시 도령로7길 20,33.49074651,126.4843801
재암식당,제주 제주시 한림읍 한림로 346,33.39409736,126.2411162
재연식당,제주특별자치도 제주시 구좌읍 세화3길 27-2,33.52616033,126.856025
전망좋은횟집&흑돼지 성산본점,제주특별자치도 서귀포시 성산읍 일출로 248,33.46067082,126.9325248
전복죽일번가 애월해안도로본점,제주특별자치도 제주시 애월읍 애월해안로 688,33.48195854,126.3754206
정가네식당,제주특별자치도 제주시 서사로 170,33.497322,126.519586
정이가네,제주특별자치도 서귀포시 신동로27번길 23,33.25196317,126.5111235
정직한돈 서귀포중문점,제주특별자치도 서귀포시 일주서로 827,33.25871141,126.4223019
정한가든,제주특별자치도 제주시 구좌읍 세화1길 6,33.52410456,126.8543815
정현식당,제주 서귀포시 대정읍 하모상가로 37,33.22169662,126.252802
정희네해물탕,제주 서귀포시 중정로 17,33.24770253,126.5583572
제갈양 제주협재점,제주특별자치도 제주시 한림읍 한림로 155,33.38603207,126.224429
제라한보쌈,제주 제주시 정존1길 33,33.48332578,126.4703719
제레미,제주특별자치도 제주시 애월읍 애월로 106-1,33.46460907,126.3185544
제일성심당,제주  서귀포시  성산읍 고성리  332-8번지,33.44714139,126.9165991
제주 고기국수 만세국수,제주특별자치도 제주시 오라로 152,33.49404848,126.5188172
제주 도도리고기국수,제주특별자치도 제주시 다호북길 109,33.50285462,126.4867627
제주 정직한돈 애월점,제주특별자치도 제주시 한림읍 일주서로 5083,33.3891116,126.2503517
제주 하멜,제주특별자치도 제주시 노형2길 51-3,33.47850148,126.4761432
제주갈치맛집 영목이네 표선점,제주특별자치도 서귀포시 표선면 일주동로6455번길 21,33.30646877,126.7836632
제주고사리해장국 중문본점,제주특별자치도 서귀포시 천제연로 83,33.25532435,126.414662
제주고집 제주공항점,제주특별자치도 제주시 서해안로 368-10,33.51099339,126.4848387
제주곰집,제주 서귀포시 이어도로 703-4,33.23490936,126.4907728
제주공항그때그집,제주특별자치도 제주시 서해안로 352-1,33.51036261,126.4827534
제주관덕정분식,제주 제주시 관덕로8길 7-9,33.51260473,126.5243057
제주광해 애월,제주특별자치도 제주시 애월읍 애월해안로 867,33.48774929,126.3904213
제주국담,제주 제주시 신대로12길 17,33.48860942,126.4947037
제주국수왕,제주 제주시 한림읍 협재3길 9,33.39841078,126.2445869
제주김만복 서귀포점,제주특별자치도 서귀포시 월드컵로 117,33.23941863,126.5058286
제주김만복 애월점,제주특별자치도 제주시 애월읍 애월해안로 255,33.46760559,126.33897
제주김만복김밥 본점,제주특별자치도 제주시 오라로 41,33.4970354,126.5089219
제주나기,제주특별자치도 제주시 애월읍 구엄동1길 7,33.47567367,126.377768
제주냥이,제주특별자치도 제주시 구좌읍 해맞이해안로 1178-1,33.53354866,126.8396649
제주늘봄,제주 제주시 고사마루길 6,33.47964926,126.4719857
제주닭집,제주 제주시 조천읍 함덕14길 3,33.54103762,126.6671677
제주도 고기국수 만세국수,제주특별자치도 제주시 연삼로 437,33.4976667,126.5370751
제주도 해녀세자매 협재본점,제주특별자치도 제주시 한림읍 한림해안로 275,33.42586249,126.2639654
제주돈 애월점,제주특별자치도 제주시 애월읍 신엄로 28,33.47316082,126.3644158
제주돈담,제주 제주시 수덕7길 1,33.48731803,126.476822
제주돌하르방밀면,제주 서귀포시 중문관광로 331,33.24987023,126.4305866
제주돔베고기집,제주 제주시 월랑로4길 6,33.48787921,126.4784692
제주돔베마씸,제주 제주시 우정로8길 4-2,33.48949798,126.4304412
제주돼지,제주 제주시 신광로4길 6,33.48901044,126.4891339
제주등대아구찜,제주특별자치도 제주시 한림읍 한림해안로 145-2,33.41593374,126.2619119
제주등대아구찜 서귀포점,제주특별자치도 서귀포시 신서로48번길 51-4,33.2531349,126.5107961
제주따이,제주 제주시 수덕9길 85-5,33.48245503,126.4706777
제주뚝배기,제주 서귀포시 성산읍 일출로 255,33.46113302,126.933034
제주로운청해원 성산일출봉점,제주특별자치도 서귀포시 성산읍 신양로 101,33.43673139,126.920626
제주마루 섭지코지점,제주특별자치도 서귀포시 성산읍 신양로 116,33.43637161,126.9219834
제주마음,제주 제주시 원노형3길 13,33.48644813,126.4845518
제주만석밀냉면,제주특별자치도 제주시 남성로 46-1,33.5042795,126.513216
제주만주,제주 제주시 애월읍 일주서로 6707,33.47210191,126.3686192
제주맑음,제주 제주시 관덕로3길 1-1,33.51343954,126.5209765
제주메밀막국수함흥냉면,제주 제주시 관덕로15길 2,33.51351263,126.5271102
제주명가두루치기 서귀포올레시장점,제주특별자치도 서귀포시 태평로 495,33.24957493,126.5710335
제주몸국,제주특별자치도 제주시 어영길 45-6,33.51855798,126.4980796
제주미담,제주특별자치도 제주시 가령로 19,33.50233593,126.5372838
제주미당,제주 제주시 서천길 24,33.5008567,126.5106983
제주미르,제주 제주시 애월읍 하귀2리 2615-12번지,33.48378247,126.3952762
제주미소,제주특별자치도 제주시 연수로1길 6,33.50175193,126.5436664
제주미향 중문본점,제주특별자치도 서귀포시 천제연로 135,33.25375225,126.4197322
제주바다에,제주 제주시 연북로 550,33.48591508,126.5384985
제주바당,제주 제주시 원노형9길 24,33.48726285,126.4855598
제주백정,제주특별자치도 제주시 한림읍 한림중앙로 36,33.41152357,126.2650152
제주보말칼국수,제주 제주시 관덕로8길 40,33.50994387,126.5234468
제주부엌 고기국수 제주공항점,제주특별자치도 제주시 원노형로 37,33.4853296,126.4850509
제주산방산나들목,제주특별자치도 서귀포시 안덕면 사계남로 189,33.23034323,126.3080825
제주산방식당 서귀점,제주특별자치도 서귀포시 소암로 25,33.24497006,126.5683585
제주산방식당 외도점,제주특별자치도 제주시 우정로7길 25,33.48937875,126.4338162
제주산방식당 함덕점,제주특별자치도 제주시 조천읍 함덕로 14,33.54115603,126.6734775
제주산방식당 협재점,제주특별자치도 제주시 한림읍 협재로 1,33.39695205,126.2442953
제주선채향,제주 서귀포시 안덕면 사계남로84번길 6,33.22633172,126.2990616
제주세호해장국 연동직영점,제주특별자치도 제주시 신광로 12,33.49108413,126.489985
제주소담,제주 서귀포시 막숙포로 150,33.23137887,126.5075265
제주순풍해장국 함덕점,제주특별자치도 제주시 조천읍 신북로 604,33.53986807,126.6739776
제주스,제주 제주시 동문로 4,33.51285283,126.5269707
제주스럽닭 본점,제주 서귀포시 천제연로178번길 14-2 제주스럽닭 본점,33.251066,126.423444
제주시새우리,제주 제주시 무근성7길 21,33.51469596,126.5204923
제주어멍 통갈치 제주공항 본점,제주특별자치도 제주시 서해안로 372,33.51166348,126.4842395
제주어물전 성산본점,제주특별자치도 서귀포시 성산읍 신고로 42,33.43958189,126.917253
제주에가면,제주 제주시 탑동로 119,33.5147202,126.5179949
제주오성 갈치조림 제주도 중문 본점,제주특별자치도 서귀포시 중문관광로 27,33.25569405,126.4146681
제주올래국수,제주특별자치도 제주시 월성로 39,33.50092485,126.5059706
제주올레면옥 제주본점,제주특별자치도 제주시 광평동로 19,33.48192292,126.4703923
제주와함께라면,제주특별자치도 제주시 애월읍 애월해안로 274,33.4687255,126.3401803
제주인바다 제주공항점,제주특별자치도 제주시 용화로 7,33.51004363,126.5044142
제주일도 서귀포 성산점,제주특별자치도 서귀포시 성산읍 신양로 107,33.43679313,126.9212873
제주정,제주특별자치도 제주시 일주동로 320,33.52101592,126.5789642
제주정낭집,제주특별자치도 제주시 지석11길 6,33.52170522,126.5844474
제주정낭집 이도점,제주특별자치도 제주시 구남로2길 11,33.48829804,126.5331771
제주정돈,제주특별자치도 서귀포시 남원읍 위미해안로 20,33.27294117,126.657839
제주정제,제주특별자치도 서귀포시 남원읍 남원회관로 20 2층,33.277248,126.71536
제주정지,제주특별자치도 제주시 서해안로 480,33.51896331,126.490478
제주중문횟집 스시망고,서귀포시 1100로 171,33.2626174,126.4433108
제주친정,제주특별자치도 제주시 한경면 중산간서로 3594,33.32592081,126.2524721
제주태백산 본점,제주특별자치도 제주시 도공로 154-12,33.49470302,126.4672476
제주통큰장어,제주특별자치도 제주시 청귤로3길 50,33.50155692,126.5421285
제주한라국수,제주 서귀포시 천제연로188번길 17,33.25028812,126.4244199
제주할망뚝배기,제주 서귀포시 칠십리로 92,33.24050988,126.5655674
제주할망밥상,제주 서귀포시 안덕면 화순해안로 89,33.23998154,126.3357152
제주할망밥상 모슬포점,제주특별자치도 서귀포시 대정읍 최남단해안로 18,33.21889332,126.2519451
제주할망밥상 애월점,제주특별자치도 제주시 애월읍 하귀9길 8,33.48604562,126.414804
제주협재 바다해찬,제주특별자치도 제주시 한림읍 한림로 326,33.39267684,126.2398859
제주흑돈세상수라간 표선점,제주특별자치도 서귀포시 표선면 표선당포로 23,33.32638796,126.844842
젠하이드어웨이 제주점,제주특별자치도 서귀포시 안덕면 사계남로 186-8,33.22929609,126.3085027
존맛식당,제주 제주시 조천읍 신북로 493,33.54296558,126.6628529
주막,제주 서귀포시 동문로 25-1,33.25138186,126.5638768
중문 가람돌솥밥,제주특별자치도 서귀포시 중문관광로 332,33.24964914,126.4312851
중문 돌담흑돼지,제주특별자치도 서귀포시 일주서로 909,33.25770262,126.4132779
중문바다향,제주 서귀포시 천제연로188번길 11,33.25091239,126.4245911
중문별장,제주 서귀포시 천제연로 337,33.25234461,126.4402214
중문색달통갈치 본점,제주 서귀포시 일주서로 993,33.258552,126.404507
중문생선구이 중문본점,제주특별자치도 서귀포시 중문관광로 323,33.24923954,126.4300473
중문수두리보말칼국수,제주 서귀포시 천제연로 190,33.25158308,126.4248688
중문수원음식점,제주 서귀포시 천제연로 83,33.25532117,126.414661
중문우동한그릇 서귀포본점,제주특별자치도 서귀포시 중문관광로 9,33.25711391,126.4153938
중문큰집어멍,제주 서귀포시 중문관광로 336,33.2500164,126.4314532
중문통갈치조림구이 기원은갈치,제주특별자치도 서귀포시 색달중앙로 22,33.25740139,126.4138325
중문해녀의집,제주특별자치도 서귀포시 중문관광로 194,33.24237284,126.4191475
중문해물라면오빠네 본점,제주특별자치도 서귀포시 일주서로 962,33.25832256,126.4080635
중문회포장센터 새벽야시장,제주특별자치도 서귀포시 중문관광로 293,33.24662854,126.4292831
중문횟집 엉덩물횟집,제주특별자치도 서귀포시 중문관광로72번길 29-9,33.24970161,126.4115554
중문흑돼지천국,제주 서귀포시 이어도로 137,33.23977176,126.4369792
중앙식당,제주 서귀포시 안덕면 화순로 108,33.24671456,126.3349116
지구상회,제주특별자치도 제주시 애월읍 애월해안로 715,33.48410321,126.3775302
지은이네밥상,제주 서귀포시 성산읍 고성동서로45번길 15-7,33.45195314,126.91214
진고등어쌈밥,제주특별자치도 제주시 서해안로 348,33.51017999,126.4822034
진미네식당,제주 제주시 수덕5길 42,33.4850168,126.4744414
진미식당 성산일출봉점,제주특별자치도 서귀포시 성산읍 일출로 290,33.4634528,126.9351818
진안식당,제주 서귀포시 성산읍 고성동서로 48,33.45017027,126.9124097
진양해장국,제주특별자치도 제주시 지석10길 13,33.52008831,126.5829987
진이식당,제주 제주시 516로 3109,33.451499,126.551626
진주식당,제주 서귀포시 태평로 353,33.24664666,126.5590506
진질해녀식당,제주 제주시 한림읍 한림해안로 623-6,33.44235436,126.2788665
진해장국,제주특별자치도 제주시 청귤로3길 45-1,33.5017085,126.5416714
집의기록상점,제주특별자치도 제주시 한림읍 귀덕11길 60,33.44650245,126.2972189
짬뽕에취한날,제주 제주시 연동 311-21,33.49115468,126.4979092
짱구분식,제주 서귀포시 중동로48번길 3,33.25016784,126.5672768
찬밀면,제주 서귀포시 신동로 129,33.25992579,126.5144783
참맛김밥,제주 서귀포시 천제연로 213,33.25167165,126.4275928
참맛나김밥,제주 제주시 한라대학로 31,33.47862367,126.4750914
천돈가 중문본점,제주특별자치도 서귀포시 일주서로 873,33.25803853,126.4174127
천보식당,제주 서귀포시 중앙로89번길 13,33.2521204,126.5591324
천일만두,제주 서귀포시 서문로 25,33.25051521,126.5591051
천짓골식당,제주 서귀포시 중앙로41번길 4,33.24824225,126.5613636
청정식당,제주 제주시 천수로6길 29,33.501227,126.543099
청춘해장국,제주 제주시 1100로 3320,33.48284674,126.4812685
청파식당횟집,제주특별자치도 제주시 구좌읍 세평항로 12,33.52452656,126.8536606
체면,제주 서귀포시 대정읍 인안성로 23-1,33.24825226,126.2842161
초이,제주 서귀포시 안덕면 덕수서로 7,33.25111639,126.3037212
춘미향음식점,제주특별자치도 서귀포시 안덕면 산방로 378,33.23146855,126.2965257
충남식당,제주 서귀포시 솔동산로 26,33.24266711,126.5634292
칠돈가 본점,제주특별자치도 제주시 일주서로 7779,33.49387257,126.4776045
칠돈가 서귀포점,제주특별자치도 서귀포시 중문관광로 8,33.25746296,126.4144632
칠돈가 표선직영점,제주특별자치도 서귀포시 표선면 표선당포로 13-1,33.32586405,126.8440696
칠돈가 함덕 흑돼지,제주특별자치도 제주시 조천읍 함와로 12,33.53895809,126.6742179
칠성뷔페,제주 제주시 관덕로11길 17,33.51463448,126.5251646
카도비스트로,제주 제주시 사라봉5길 15,33.51710188,126.540397
카페 109,제주 제주시 달마루길 10-9 유유빌딩 1층,33.490031,126.474162
카페 가드니아,제주 서귀포시 표선면 표선동서로 151,33.318225,126.828879
카페 귤꽃다락,제주특별자치도 서귀포시 이어도로1027번길 34,33.24640841,126.5225393
카페1950,제주 서귀포시 중문관광로 90,33.25027466,126.4141405
카페나모나모베이커리,제주특별자치도 제주시 도두봉6길 4,33.50889441,126.4719716
카페노아,제주특별자치도 제주시 서흘1길 24,33.52862664,126.589012
카페더라이트,제주 서귀포시 성산읍 한도로 269,33.46617993,126.9359198
카페로드,제주 제주시 원노형로 13,33.48746945,126.48476
카페루시아 본점,제주특별자치도 서귀포시 안덕면 난드르로 49-17,33.23520815,126.3630723
카페리 구좌 카페 평대리해변 세화 소품,제주 제주시 구좌읍 평대2길 39 1층,33.53395265,126.8396525
카페리꼬,제주 제주시 한림읍 한림로 542 1층카페리꼬,33.406065,126.256367
카페블루하우스 서귀포점,제주특별자치도 서귀포시 천지로 51,33.25192834,126.5592179
카페서연의집,제주특별자치도 서귀포시 남원읍 위미해안로 86,33.26940685,126.6555806
카페시오,제주특별자치도 제주시 애월읍 고내로7길 28,33.465466,126.337678
카페열리,제주 제주시 신성로 6,33.49558268,126.5204947
커리하우스,제주 서귀포시 동문동로53번길 13,33.25188276,126.5619692
커큐민흑돼지,제주 서귀포시 성산읍 일출로 84,33.44979561,126.9211265
커피냅로스터스 제주,제주특별자치도 제주시 애월읍 하귀2길 45,33.48919599,126.4137068
코데인커피로스터스 산방산점,제주특별자치도 서귀포시 안덕면 사계북로 76,33.23516229,126.2961753
코츠커퍼,제주 서귀포시 월드컵로 51,33.24483775,126.5066004
코코마마 성산점,제주특별자치도 서귀포시 성산읍 일출로 258-11,33.46101259,126.9343166
콩이네두부,제주특별자치도 서귀포시 안덕면 한창로 137,33.27469447,126.3625388
큰갯물횟집 중문본점,제주특별자치도 서귀포시 대포로 161,33.23940904,126.4381496
타모라돈까스,제주 서귀포시 남원읍 일주동로 7133,33.2828197,126.7181117
탐라우돈정육식당,제주특별자치도 제주시 다랑곶2길 52,33.49081259,126.4759013
탐라한상,제주 서귀포시 태평로353번길 22-5,33.24695493,126.5615349
탐라해동밥상,제주특별자치도 제주시 애월읍 유수암평화5길 24-7,33.42534993,126.4057872
태공식당,제주특별자치도 제주시 애월읍 애월로11길 7,33.46499599,126.3202209
태산봉해장국,제주 제주시 성지로 67-1,33.51163076,126.5303494
태선식당,제주 제주시 중앙로23길 2,33.50683759,126.5253076
태연종합정육식당 제주공항점,제주특별자치도 제주시 서사로 187,33.49567945,126.5199789
택이네해장국,제주 제주시 한림읍 한림상로 202,33.41634674,126.2689272
털보스협재밀,제주 제주시 한림읍 협재1길 27-6,33.3978475,126.2430075
털보식당,제주 제주시 조천읍 신북로 554,33.54090209,126.668817
테왁,제주 서귀포시 서호남로32번길 10-4,33.24962907,126.5151998
토끼와거북이,제주특별자치도 제주시 서해안로 498-6,33.51881988,126.492215
토끼트멍,제주 서귀포시 안덕면 사계남로 182,33.22957539,126.3081708
통물식당,제주 제주시 조천읍 신북로 468,33.54356807,126.6602057
통큰장어 신제주점,제주특별자치도 제주시 신대로 60,33.49200749,126.4964089
틈새식당,제주  서귀포시  중문동 2007-1번지,33.25201682,126.4270823
파스테이스 제주점,제주특별자치도 제주시 한림읍 한림중앙로 82,33.40762603,126.2668486
페리카나 제주동문점,제주특별자치도 제주시 동문로 35,33.51310301,126.5304091
평대스낵,제주특별자치도 제주시 구좌읍 대수길 26,33.53671558,126.8379774
평대식당,제주특별자치도 제주시 구좌읍 해맞이해안로 1162,33.53501012,126.8396386
평양면옥,제주 서귀포시 중앙로4번길 4,33.24492771,126.5624372
평창메밀막국수,제주 제주시 은수길 6-9,33.47552731,126.4857963
평화식당 서귀포점,제주특별자치도 서귀포시 태평로439번길 26,33.24676067,126.5644717
포도원흑돼지,제주 제주시 광평동로 40,33.4834033,126.4693484
폴 바셋 제주이호 DT점,제주특별자치도 제주시 일주서로 7513,33.49514695,126.4491828
표선 돌담칼국수,제주특별자치도 서귀포시 표선면 민속해안로 582,33.32523049,126.8435756
표선세화해녀의집,제주특별자치도 서귀포시 표선면 민속해안로 40,33.30358012,126.8061674
표선수산,제주 서귀포시 표선면 표선백사로103번길 4-3,33.32478914,126.8359418
표선수산마트,제주 서귀포시 표선면 표선중앙로110번길 3-4,33.32540318,126.8360411
표선어촌식당,제주  서귀포시  표선면  민속해안로  578-7 표선어촌식당,33.32527473,126.8444954
표선자연산횟집 다미진,제주 서귀포시 표선면 민속해안로 578-1 1층,33.32509816,126.8440322
표선하다,제주 서귀포시 표선면 표선당포로 21-3,33.32645724,126.8446409
푸라닭 제주강정점,제주특별자치도 서귀포시 이어도로 679,33.23442128,126.4883065
풍로 제주신화월드점,제주특별자치도 서귀포시 안덕면 신화역사로304번길 98,33.30448284,126.3162377
풍촌식당,제주 제주시 은남2길 28,33.4884235,126.4927594
피그농원,제주 서귀포시 대정읍 일주서로 2641,33.22879011,126.2481877
피자헛 서귀포점,제주특별자치도 서귀포시 일주동로 8590,33.25496909,126.5704255
피제리아3657,제주 서귀포시 안덕면 난드르로 56,33.23634208,126.362423
피즈 버거 노형점,제주특별자치도 제주시 노형10길 6,33.48362147,126.4776015
하귀 보배쌤보리김치와게장,제주특별자치도 제주시 애월읍 하귀12길 4,33.4855724,126.4104527
하라케케,제주 서귀포시 속골로 29-10,33.24225341,126.5280498
하르방밀면 노형점,제주특별자치도 제주시 수덕9길 67,33.48388869,126.4717296
하르비커피,제주특별자치도 서귀포시 칠십리로 115,33.24240458,126.5667037
하버39,제주 서귀포시 천지연로 39,33.24229943,126.5620404
하여금 노형본점,제주특별자치도 제주시 원노형4길 11,33.48511773,126.4824527
하영올레국수,제주특별자치도 제주시 연동3길 34,33.48684694,126.4878686
하영칼국수 애월본점,제주특별자치도 제주시 애월읍 구엄길 3,33.474745,126.37561
하영횟집,제주 서귀포시 이어도로 1043,33.24526823,126.5222587
하우투플레이,제주 제주시 애월읍 일주서로 6935,33.47901534,126.3912651
하토우 커피 로스터스,제주특별자치도 제주시 구좌읍 구좌로 188-1,33.52002611,126.8701373
한강식당,제주특별자치도 제주시 일주서로 7471,33.49383378,126.4450386
한라네김밥,제주 서귀포시 일주동로 8697,33.25267252,126.5593165
한라돈까스,제주 제주시 탑동로 27,33.51734471,126.5218465
한라산소갈비찜,제주 제주시 애월읍 애월해안로 852,33.48861436,126.3889895
한라산아래첫마을 제주민속촌점,제주특별자치도 서귀포시 표선면 민속해안로 631-34,33.32416518,126.8410644
한라산해장국,제주 제주시 은남길 25,33.48738955,126.4959621
한라축산정육식당 제주흑돼지한우 한림협재애월점,제주 제주시 한림읍 한림상로 84 한라축산정육식당 한림점,33.40806731,126.2629146
한림국수 집,제주특별자치도 제주시 한림읍 한림상로 158,33.41230043,126.2689304
한림칼국수,제주특별자치도 제주시 한림읍 한림해안로 141,33.41556709,126.2615064
한림칼국수 제주공항점,제주특별자치도 제주시 광평중길 82,33.47895289,126.467613
한성식당,제주 서귀포시 성산읍 일출로 287,33.4631969,126.9350311
한스시,제주 서귀포시 천제연로 238,33.25125024,126.4299181
한스옥,제주특별자치도 서귀포시 신서로 69,33.25630315,126.5050843
한중식당,제주 서귀포시 중정로61번길 9-1,33.24875392,126.5627287
할매식당,제주 서귀포시 부두로 40,33.24150886,126.5646284
함덕 보배쌤보리김치와게장,제주 제주시 애월읍 하귀1리 530-9,33.48555858,126.4104488
함덕고등어쌈밥,제주 제주시 조천읍 조함해안로 530,33.54246922,126.6695036
함덕골목 본점,제주특별자치도 제주시 조천읍 조천북6길 62,33.53935717,126.641158
함덕다퍼주는횟집,제주 제주시 조천읍 함와로 22,33.5380862,126.6744264
함덕카페오다,제주특별자치도 제주시 조천읍 함덕로 40,33.54245264,126.6711394
함덕해물라면오빠ZIP,제주 제주시 조천읍 평사길 2 1층,33.54285526,126.672657
함쉐프키친 노형점,제주특별자치도 제주시 노형13길 16,33.48256419,126.4783137
함쉐프키친 서귀포 본점,제주특별자치도 서귀포시 이어도로 217-4,33.24204124,126.4436457
항구식당,제주 서귀포시 대정읍 하모항구로 64,33.21917558,126.2511145
항아리조림,제주특별자치도 제주시 구좌읍 세화3길 32,33.52616707,126.8563964
해녀김밥 본점,제주특별자치도 제주시 조천읍 함덕로 40,33.54239583,126.6711332
해녀밥상 제주산방산점,제주특별자치도 서귀포시 안덕면 사계남로 161,33.22839703,126.3071795
해녀의집,제주 제주시 애월읍 애월해안로 591,33.47842657,126.36693
해물통라면 문개항아리 애월해안도로점,제주 제주시 애월읍 가문동길 38,33.48578273,126.392437
해바라기분식,제주 제주시 중앙로 214,33.50023949,126.5292183
해변횟집,제주특별자치도 제주시 애월읍 애월해안로 90,33.46589378,126.3234841
해비치불턱카페,제주특별자치도 서귀포시 표선면 민속해안로 384,33.3125824,126.8372313
해송갈치 제주성산일출봉점,제주특별자치도 서귀포시 성산읍 일출로 270-2,33.46170494,126.9341569
해송수산,제주 제주시 애월읍 애월로11길 23,33.466565,126.320351
해송수산물회센타,제주 제주시 애월읍 애월로11길 23,33.46633387,126.3204395
해심가든,제주 서귀포시 천제연로 203-4,33.25192863,126.4265259
해오반,제주특별자치도 제주시 애월읍 고내로9길 1,33.46394748,126.3394065
해오반 함덕점,제주특별자치도 제주시 조천읍 조함해안로 514,33.54249457,126.6675938
해원횟집,제주 제주시 서해안로 687-6,33.51543884,126.5117615
해월정 제주공항점,제주특별자치도 제주시 서해안로 612,33.51707373,126.5024916
해일리 카페,제주특별자치도 서귀포시 성산읍 한도로 269-37,33.46884814,126.935394
해진횟집,제주  제주시  건입동 1435-2번지,33.5184162,126.5285447
해화탕,제주 제주시 한림읍 일주서로 5855,33.44331497,126.2916122
향연식당,제주 제주시 중앙로 140,33.50620341,126.5250493
허커피로스터스,제주 제주시 정존5길 9,33.48346074,126.4740061
혁이네식당,제주 서귀포시 동홍중앙로 8,33.25142562,126.5723748
현대식당,제주 서귀포시 성산읍 성산등용로 96,33.46989901,126.9301403
현재식당,제주 서귀포시 서문로29번길 21,33.24851097,126.5596531
협재고기부엌,제주 제주시 한림읍 협재1길 1,33.39560871,126.2421605
협재섬바다,제주특별자치도 제주시 한림읍 금능남로 53,33.38318748,126.2353151
협재신국수,제주 제주시 한림읍 명재로 17,33.39510913,126.2489094
협재온다정,제주 제주시 한림읍 한림로 381-4,33.39700684,126.2434866
협재칼국수,제주 제주시 한림읍 협재로 3,33.39683156,126.244479
협재해녀의집,제주 제주시 한림읍 협재3길 19,33.39883382,126.2439013
형아시횟집,제주 서귀포시 이어도로 778-1,33.23538285,126.4986073
형제도식당 본점,제주특별자치도 서귀포시 일주서로 915,33.25777888,126.412817
호꼼샌드,제주 서귀포시 천제연로207번길 7,33.25238218,126.4267431
호남식당,제주특별자치도 제주시 한림읍 사가길 21,33.415601,126.262255
호도제과,제주 서귀포시 안덕면 화순로 132,33.24650823,126.3322975
호림식당,제주 서귀포시 부두로 45,33.24103295,126.5647971
호박이네,제주 제주시 신광로10길 21,33.48373284,126.487375
호정이네,제주 서귀포시 대정읍 하모항구로 22-11,33.21751845,126.2499569
호텔샌드,제주 제주시 한림읍 한림로 339,33.39403673,126.2406553
홉히,제주 서귀포시 이어도로 882,33.23656989,126.5088438
화고 흑돼지 신시가지점,제주 신서로32번길 20 1층,33.25335219,126.5061874
화로위 함덕해수욕장점,제주특별자치도 제주시 조천읍 함덕19길 9,33.54120541,126.6699986
화석과자 센잇,제주 제주시 관덕로8길 13 센잇,33.51191939,126.5236034
화성식당,제주특별자치도 제주시 일주동로 383,33.52138206,126.5859462
화순평양면옥,제주 서귀포시 안덕면 화순로 128,33.24651355,126.3326944
화순한가네식당,제주 서귀포시 안덕면 화순해안로 109,33.23921771,126.3365773
화진전복,제주 제주시 무근성길 2,33.51791547,126.5190598
환이네 이태리식당,"제주특별자치도 서귀포시 특별자치도, 안덕면 사계중앙로18번길 5",33.230898,126.296753
황궁식당,제주 서귀포시 이어도로 895,33.23683243,126.5104379
황금돈가 연동 흑돼지,제주특별자치도 제주시 국기로2길 4,33.47990909,126.4902506
황금손가락,제주 서귀포시 막숙포로 78,33.23498323,126.5133768
황금손가락 삼화점,제주특별자치도 제주시 건주로4길 14-8,33.51648409,126.5793672
황금손가락 용담점,제주특별자치도 제주시 서해안로 464,33.51850461,126.4887779
황금어장,제주 서귀포시 중앙로48번길 14,33.24908278,126.5630989
황토식당,제주 제주시 오일장서길 26,33.496983,126.475343
황해식당 제주공항 갈치,제주특별자치도 제주시 일주서로 7682,33.49381462,126.4671702
회가서쪽에서뜨겠네 애월,제주특별자치도 제주시 애월읍 애월로 12,33.45999676,126.3115731
회춘 애월점,제주특별자치도 제주시 애월읍 가문동길 80,33.48904073,126.3908642
효퇴국수국밥,제주 제주시 서사로 122-1,33.50153135,126.5195972
훼미리맛짱분식,제주 서귀포시 안덕면 화순로 94,33.24692319,126.3363158
휴일로,제주 서귀포시 안덕면 난드르로 49-65,33.23228293,126.3663822
휴즐리 제주,제주특별자치도 제주시 흥운길 83,33.51576701,126.5139933
흑돈쭐 제주성산일출봉점,제주특별자치도 서귀포시 성산읍 성산리 298-32,33.466023,126.935167
흑돼지해물삼합,제주 서귀포시 태평로482번길 50,33.24571457,126.5704719
희야네식당,제주특별자치도 서귀포시 남원읍 태위로 685-1,33.27946796,126.7197438
